name,number,dob,age,country,height,foot,contract,signed_from,signing_fee,position,market_value,season,team
Jonas Urbig,40,2003-08-08,22,Deutschland,189.0,beidfüßig,30.06.2029,1.FC Köln,7000000.0,Torwart,18000000.0,2026,fc-bayern-munchen
Manuel Neuer,1,1986-03-27,40,Deutschland,193.0,rechts,30.06.2027,FC Schalke 04,30000000.0,Torwart,4000000.0,2026,fc-bayern-munchen
Sven Ulreich,26,1988-08-03,38,Deutschland,192.0,rechts,30.06.2027,Hamburger SV,,Torwart,500000.0,2026,fc-bayern-munchen
Dayot Upamecano,2,1998-10-27,27,Frankreich,186.0,rechts,30.06.2030,RB Leipzig,42500000.0,Innenverteidiger,75000000.0,2026,fc-bayern-munchen
Jonathan Tah,4,1996-02-11,30,Deutschland,195.0,rechts,30.06.2029,Bayer 04 Leverkusen,2000000.0,Innenverteidiger,28000000.0,2026,fc-bayern-munchen
Min-jae Kim,3,1996-11-15,29,Südkorea,190.0,rechts,30.06.2028,SSC Neapel,50000000.0,Innenverteidiger,20000000.0,2026,fc-bayern-munchen
Hiroki Ito,21,1999-05-12,27,Japan,188.0,links,30.06.2028,VfB Stuttgart,23500000.0,Innenverteidiger,18000000.0,2026,fc-bayern-munchen
Tarek Buchmann,28,2005-02-28,21,Deutschland,188.0,rechts,30.06.2027,FC Bayern München U19,,Innenverteidiger,300000.0,2026,fc-bayern-munchen
Nathaniel Brown,11,2003-06-16,23,Deutschland,176.0,links,30.06.2031,Eintracht Frankfurt,50000000.0,Linker Verteidiger,50000000.0,2026,fc-bayern-munchen
Alphonso Davies,19,2000-11-02,25,Kanada,183.0,links,30.06.2030,Vancouver Whitecaps FC,14000000.0,Linker Verteidiger,40000000.0,2026,fc-bayern-munchen
Josip Stanisic,44,2000-04-02,26,Kroatien,187.0,beidfüßig,30.06.2029,FC Bayern München II,,Rechter Verteidiger,40000000.0,2026,fc-bayern-munchen
Konrad Laimer,27,1997-05-27,29,Österreich,180.0,rechts,30.06.2029,RB Leipzig,,Rechter Verteidiger,32000000.0,2026,fc-bayern-munchen
Sacha Boey,23,2000-09-13,25,Frankreich,178.0,rechts,30.06.2028,Galatasaray,30000000.0,Rechter Verteidiger,10000000.0,2026,fc-bayern-munchen
Aleksandar Pavlovic,45,2004-05-03,22,Deutschland,188.0,beidfüßig,30.06.2029,FC Bayern München II,,Defensives Mittelfeld,90000000.0,2026,fc-bayern-munchen
Joshua Kimmich,6,1995-02-08,31,Deutschland,177.0,rechts,30.06.2029,VfB Stuttgart,9500000.0,Defensives Mittelfeld,35000000.0,2026,fc-bayern-munchen
João Palhinha,16,1995-07-09,31,Portugal,190.0,rechts,30.06.2028,FC Fulham,51000000.0,Defensives Mittelfeld,15000000.0,2026,fc-bayern-munchen
David Santos Daiber,47,2007-01-10,19,Portugal,185.0,rechts,30.06.2030,,,Defensives Mittelfeld,3000000.0,2026,fc-bayern-munchen
Tom Bischof,8,2005-06-28,21,Deutschland,176.0,links,30.06.2029,TSG 1899 Hoffenheim,300000.0,Zentrales Mittelfeld,40000000.0,2026,fc-bayern-munchen
Felipe Chávez,30,2007-04-10,19,Peru,177.0,beidfüßig,30.06.2027,FC Bayern München II,,Zentrales Mittelfeld,4000000.0,2026,fc-bayern-munchen
Jamal Musiala,10,2003-02-26,23,Deutschland,184.0,rechts,30.06.2030,FC Bayern München U19,,Offensives Mittelfeld,100000000.0,2026,fc-bayern-munchen
Lennart Karl,42,2008-02-22,18,Deutschland,168.0,links,30.06.2029,FC Bayern München U19,,Offensives Mittelfeld,60000000.0,2026,fc-bayern-munchen
Ismael Saibari,34,2001-01-28,25,Marokko,185.0,rechts,30.06.2031,PSV Eindhoven,50000000.0,Offensives Mittelfeld,55000000.0,2026,fc-bayern-munchen
Arijon Ibrahimovic,22,2005-12-11,20,Deutschland,178.0,rechts,30.06.2028,FC Bayern München U19,,Offensives Mittelfeld,10000000.0,2026,fc-bayern-munchen
Luis Díaz,14,1997-01-13,29,Kolumbien,179.0,rechts,30.06.2029,FC Liverpool,70000000.0,Linksaußen,70000000.0,2026,fc-bayern-munchen
Bryan Zaragoza,,2001-09-09,24,Spanien,164.0,rechts,30.06.2029,FC Granada,13000000.0,Linksaußen,8000000.0,2026,fc-bayern-munchen
Michael Olise,17,2001-12-12,24,Frankreich,180.0,links,30.06.2029,Crystal Palace,53000000.0,Rechtsaußen,170000000.0,2026,fc-bayern-munchen
Serge Gnabry,7,1995-07-14,31,Deutschland,176.0,rechts,30.06.2028,SV Werder Bremen,8000000.0,Hängende Spitze,18000000.0,2026,fc-bayern-munchen
Armindo Sieb,36,2003-02-17,23,Deutschland,175.0,beidfüßig,30.06.2027,SpVgg Greuther Fürth,1500000.0,Hängende Spitze,2500000.0,2026,fc-bayern-munchen
Harry Kane,9,1993-07-28,33,England,188.0,rechts,30.06.2027,Tottenham Hotspur,95000000.0,Mittelstürmer,60000000.0,2026,fc-bayern-munchen
Maarten Vandevoordt,26,2002-02-26,24,Belgien,192.0,rechts,30.06.2030,KRC Genk,10000000.0,Torwart,15000000.0,2026,rasenballsport-leipzig
Péter Gulácsi,1,1990-05-06,36,Ungarn,193.0,rechts,30.06.2027,FC Red Bull Salzburg,3000000.0,Torwart,1000000.0,2026,rasenballsport-leipzig
Leopold Zingerle,25,1994-04-10,32,Deutschland,182.0,rechts,30.06.2028,SC Paderborn 07,,Torwart,300000.0,2026,rasenballsport-leipzig
Castello Lukeba,23,2002-12-17,23,Frankreich,184.0,links,30.06.2029,Olympique Lyon,30000000.0,Innenverteidiger,50000000.0,2026,rasenballsport-leipzig
Maxime Estève,3,2002-05-26,24,Frankreich,193.0,links,30.06.2031,FC Burnley,25000000.0,Innenverteidiger,28000000.0,2026,rasenballsport-leipzig
El Chadaille Bitshiabu,5,2005-05-16,21,Frankreich,196.0,links,30.06.2029,Paris Saint-Germain,15000000.0,Innenverteidiger,18000000.0,2026,rasenballsport-leipzig
Abdoul Koné,2,2005-04-22,21,Frankreich,192.0,rechts,30.06.2031,Stade Reims,17000000.0,Innenverteidiger,15000000.0,2026,rasenballsport-leipzig
Willi Orbán,4,1992-11-03,33,Ungarn,186.0,rechts,30.06.2027,1.FC Kaiserslautern,2000000.0,Innenverteidiger,5000000.0,2026,rasenballsport-leipzig
Lukas Klostermann,16,1996-06-03,30,Deutschland,189.0,rechts,30.06.2028,VfL Bochum,1000000.0,Innenverteidiger,3500000.0,2026,rasenballsport-leipzig
David Raum,22,1998-04-22,28,Deutschland,181.0,links,30.06.2027,TSG 1899 Hoffenheim,26000000.0,Linker Verteidiger,25000000.0,2026,rasenballsport-leipzig
Max Finkgräfe,35,2004-03-27,22,Deutschland,183.0,links,30.06.2030,1.FC Köln,4000000.0,Linker Verteidiger,5000000.0,2026,rasenballsport-leipzig
Lutsharel Geertruida,,2000-07-18,26,Niederlande,184.0,rechts,30.06.2029,Feyenoord Rotterdam,20000000.0,Rechter Verteidiger,20000000.0,2026,rasenballsport-leipzig
Ridle Baku,17,1998-04-08,28,Deutschland,176.0,rechts,30.06.2027,VfL Wolfsburg,4500000.0,Rechter Verteidiger,12000000.0,2026,rasenballsport-leipzig
Benjamin Henrichs,39,1997-02-23,29,Deutschland,185.0,rechts,30.06.2028,AS Monaco,15000000.0,Rechter Verteidiger,7000000.0,2026,rasenballsport-leipzig
Nicolas Seiwald,13,2001-05-04,25,Österreich,179.0,rechts,30.06.2028,FC Red Bull Salzburg,20000000.0,Defensives Mittelfeld,25000000.0,2026,rasenballsport-leipzig
Arthur Vermeeren,48,2005-02-07,21,Belgien,180.0,rechts,30.06.2029,Atlético Madrid,20000000.0,Defensives Mittelfeld,20000000.0,2026,rasenballsport-leipzig
Benno Kaltefleiter,37,2008-02-14,18,Deutschland,189.0,rechts,30.06.2029,RB Leipzig U19,,Defensives Mittelfeld,,2026,rasenballsport-leipzig
Assan Ouédraogo,8,2006-05-09,20,Deutschland,191.0,rechts,30.06.2029,FC Schalke 04,10000000.0,Zentrales Mittelfeld,28000000.0,2026,rasenballsport-leipzig
Rocco Reitz,20,2002-05-29,24,Deutschland,176.0,rechts,30.06.2031,Borussia Mönchengladbach,20000000.0,Zentrales Mittelfeld,20000000.0,2026,rasenballsport-leipzig
Ezechiel Banzuzi,6,2005-02-16,21,Niederlande,191.0,rechts,30.06.2030,Oud-Heverlee Leuven,16000000.0,Zentrales Mittelfeld,16000000.0,2026,rasenballsport-leipzig
Joyeux Masanka Bungi,,2007-01-24,19,Belgien,186.0,links,30.06.2027,RB Leipzig U19,,Linkes Mittelfeld,400000.0,2026,rasenballsport-leipzig
Christoph Baumgartner,14,1999-08-01,27,Österreich,180.0,rechts,30.06.2028,TSG 1899 Hoffenheim,25500000.0,Offensives Mittelfeld,40000000.0,2026,rasenballsport-leipzig
Brajan Gruda,10,2004-05-31,22,Deutschland,178.0,links,30.06.2027,Brighton & Hove Albion,1000000.0,Offensives Mittelfeld,28000000.0,2026,rasenballsport-leipzig
Eljif Elmas,19,1999-09-24,26,Nordmazedonien,184.0,rechts,30.06.2028,SSC Neapel,24000000.0,Offensives Mittelfeld,13000000.0,2026,rasenballsport-leipzig
Andrija Maksimovic,33,2007-06-05,19,Serbien,182.0,links,30.06.2030,Roter Stern Belgrad,14100000.0,Offensives Mittelfeld,9000000.0,2026,rasenballsport-leipzig
Viggo Gebel,47,2007-11-22,18,Deutschland,175.0,rechts,30.06.2028,RB Leipzig U19,,Offensives Mittelfeld,350000.0,2026,rasenballsport-leipzig
Antonio Nusa,7,2005-04-17,21,Norwegen,183.0,rechts,30.06.2029,Club Brügge,21000000.0,Linksaußen,32000000.0,2026,rasenballsport-leipzig
Suleman Sani,18,2006-09-01,19,Nigeria,175.0,rechts,30.06.2031,AS Trencin,5000000.0,Linksaußen,5000000.0,2026,rasenballsport-leipzig
Tidiam Gomis,27,2006-08-08,19,Frankreich,183.0,rechts,30.06.2029,SM Caen,1000000.0,Linksaußen,5000000.0,2026,rasenballsport-leipzig
Ayodele Thomas,21,2007-07-23,19,Niederlande,177.0,rechts,30.06.2031,PSV Eindhoven II,400000.0,Linksaußen,1000000.0,2026,rasenballsport-leipzig
Yan Diomande,49,2006-11-14,19,Elfenbeinküste,180.0,rechts,30.06.2030,CD Leganés,20000000.0,Rechtsaußen,90000000.0,2026,rasenballsport-leipzig
Johan Bakayoko,11,2003-04-20,23,Belgien,179.0,links,30.06.2030,PSV Eindhoven,18000000.0,Rechtsaußen,20000000.0,2026,rasenballsport-leipzig
Rômulo,40,2002-02-08,24,Brasilien,193.0,rechts,30.06.2030,Göztepe,20500000.0,Mittelstürmer,30000000.0,2026,rasenballsport-leipzig
Conrad Harder,9,2005-04-07,21,Dänemark,185.0,links,30.06.2030,Sporting Lissabon,24000000.0,Mittelstürmer,17000000.0,2026,rasenballsport-leipzig
Robert Ramsak,,2006-10-28,19,Deutschland,185.0,rechts,30.06.2027,RB Leipzig U19,,Mittelstürmer,250000.0,2026,rasenballsport-leipzig
Gregor Kobel,1,1997-12-06,28,Schweiz,196.0,rechts,30.06.2028,VfB Stuttgart,15000000.0,Torwart,40000000.0,2026,borussia-dortmund
Diant Ramaj,32,2001-09-19,24,Deutschland,189.0,rechts,30.06.2029,Ajax Amsterdam,5000000.0,Torwart,7000000.0,2026,borussia-dortmund
Alexander Meyer,33,1991-04-13,35,Deutschland,195.0,rechts,30.06.2027,SSV Jahn Regensburg,,Torwart,500000.0,2026,borussia-dortmund
Patrick Drewes,30,1993-02-04,33,Deutschland,194.0,rechts,30.06.2027,VfL Bochum,200000.0,Torwart,300000.0,2026,borussia-dortmund
Silas Ostrzinski,31,2003-11-19,22,Deutschland,198.0,rechts,30.06.2027,Borussia Dortmund II,,Torwart,200000.0,2026,borussia-dortmund
Nico Schlotterbeck,4,1999-12-01,26,Deutschland,191.0,links,30.06.2031,SC Freiburg,20000000.0,Innenverteidiger,55000000.0,2026,borussia-dortmund
Joane Gadou,22,2007-01-17,19,Frankreich,195.0,rechts,30.06.2031,FC Red Bull Salzburg,19500000.0,Innenverteidiger,20000000.0,2026,borussia-dortmund
Waldemar Anton,3,1996-07-20,30,Deutschland,189.0,rechts,30.06.2028,VfB Stuttgart,22500000.0,Innenverteidiger,18000000.0,2026,borussia-dortmund
Luca Reggiani,49,2008-01-09,18,Italien,194.0,rechts,,Borussia Dortmund U19,,Innenverteidiger,10000000.0,2026,borussia-dortmund
Ramy Bensebaini,5,1995-04-16,31,Algerien,187.0,links,30.06.2027,Borussia Mönchengladbach,,Innenverteidiger,7000000.0,2026,borussia-dortmund
Emre Can,23,1994-01-12,32,Deutschland,186.0,rechts,30.06.2027,Juventus Turin,25000000.0,Innenverteidiger,3000000.0,2026,borussia-dortmund
Filippo Mane,39,2005-03-08,21,Italien,188.0,rechts,30.06.2028,Borussia Dortmund II,,Innenverteidiger,2500000.0,2026,borussia-dortmund
Daniel Svensson,24,2002-02-12,24,Schweden,183.0,links,30.06.2029,FC Nordsjaelland,6500000.0,Linker Verteidiger,22000000.0,2026,borussia-dortmund
Almugera Kabar,42,2006-06-06,20,Deutschland,186.0,links,30.06.2028,Borussia Dortmund U19,,Linker Verteidiger,3000000.0,2026,borussia-dortmund
Julian Ryerson,26,1997-11-17,28,Norwegen,183.0,rechts,30.06.2028,1.FC Union Berlin,5000000.0,Rechter Verteidiger,25000000.0,2026,borussia-dortmund
Yan Couto,2,2002-06-03,24,Brasilien,168.0,rechts,30.06.2030,Manchester City,20000000.0,Rechter Verteidiger,17000000.0,2026,borussia-dortmund
Mussa Kaba,48,2008-11-17,17,Deutschland,196.0,rechts,30.06.2031,Borussia Dortmund II,,Defensives Mittelfeld,200000.0,2026,borussia-dortmund
Felix Nmecha,8,2000-10-10,25,Deutschland,190.0,rechts,30.06.2030,VfL Wolfsburg,30000000.0,Zentrales Mittelfeld,55000000.0,2026,borussia-dortmund
Jobe Bellingham,7,2005-09-23,20,England,191.0,rechts,30.06.2030,AFC Sunderland,30500000.0,Zentrales Mittelfeld,40000000.0,2026,borussia-dortmund
Carney Chukwuemeka,17,2003-10-20,22,Österreich,187.0,rechts,30.06.2030,FC Chelsea,20000000.0,Zentrales Mittelfeld,20000000.0,2026,borussia-dortmund
Marcel Sabitzer,20,1994-03-17,32,Österreich,178.0,rechts,30.06.2027,FC Bayern München,19000000.0,Zentrales Mittelfeld,6000000.0,2026,borussia-dortmund
Konstantinos Karetsas,19,2007-11-19,18,Griechenland,173.0,links,30.06.2031,KRC Genk,30000000.0,Offensives Mittelfeld,35000000.0,2026,borussia-dortmund
Justin Lerma,28,2008-05-05,18,Ecuador,176.0,rechts,30.06.2031,Independiente del Valle,4000000.0,Offensives Mittelfeld,3200000.0,2026,borussia-dortmund
Mathis Albert,41,2009-05-21,17,Vereinigte Staaten,179.0,rechts,30.06.2027,Borussia Dortmund II,,Linksaußen,300000.0,2026,borussia-dortmund
Samuele Inácio,40,2008-04-02,18,Italien,176.0,rechts,30.06.2029,Borussia Dortmund II,,Hängende Spitze,15000000.0,2026,borussia-dortmund
Maximilian Beier,14,2002-10-17,23,Deutschland,185.0,rechts,30.06.2029,TSG 1899 Hoffenheim,28500000.0,Mittelstürmer,40000000.0,2026,borussia-dortmund
Serhou Guirassy,9,1996-03-12,30,Guinea,187.0,rechts,30.06.2028,VfB Stuttgart,18000000.0,Mittelstürmer,32000000.0,2026,borussia-dortmund
Fábio Silva,21,2002-07-19,24,Portugal,185.0,rechts,30.06.2030,Wolverhampton Wanderers,22500000.0,Mittelstürmer,22000000.0,2026,borussia-dortmund
Mark Flekken,1,1993-06-13,33,Niederlande,195.0,beidfüßig,30.06.2028,FC Brentford,11000000.0,Torwart,6000000.0,2026,bayer-04-leverkusen
Janis Blaswich,28,1991-05-02,35,Deutschland,193.0,rechts,30.06.2027,RB Leipzig,2000000.0,Torwart,700000.0,2026,bayer-04-leverkusen
Niklas Lomb,36,1993-07-28,33,Deutschland,186.0,rechts,30.06.2027,Bayer 04 Leverkusen U19,,Torwart,250000.0,2026,bayer-04-leverkusen
Jarell Quansah,4,2003-01-29,23,England,190.0,rechts,30.06.2030,FC Liverpool,35000000.0,Innenverteidiger,45000000.0,2026,bayer-04-leverkusen
Edmond Tapsoba,12,1999-02-02,27,Burkina Faso,194.0,rechts,30.06.2031,Vitória Guimarães SC,20200000.0,Innenverteidiger,35000000.0,2026,bayer-04-leverkusen
Loïc Badé,5,2000-04-11,26,Frankreich,191.0,rechts,30.06.2030,FC Sevilla,25000000.0,Innenverteidiger,20000000.0,2026,bayer-04-leverkusen
Jeanuël Belocian,44,2005-02-17,21,Frankreich,186.0,links,30.06.2029,FC Stade Rennes,15000000.0,Innenverteidiger,12000000.0,2026,bayer-04-leverkusen
Axel Tape,16,2007-08-10,18,Frankreich,180.0,rechts,30.06.2030,Paris Saint-Germain Espoirs,,Innenverteidiger,8000000.0,2026,bayer-04-leverkusen
Tim Oermann,15,2003-10-06,22,Deutschland,189.0,rechts,30.06.2029,VfL Bochum,1900000.0,Innenverteidiger,4000000.0,2026,bayer-04-leverkusen
Arthur,13,2003-03-17,23,Brasilien,174.0,rechts,30.06.2031,América FC (MG),7000000.0,Rechter Verteidiger,8000000.0,2026,bayer-04-leverkusen
Lucas Vázquez,21,1991-07-01,35,Spanien,173.0,rechts,30.06.2027,Real Madrid,,Rechter Verteidiger,1500000.0,2026,bayer-04-leverkusen
Equi Fernández,6,2002-07-25,24,Argentinien,178.0,links,30.06.2030,Al-Qadsiah FC,25000000.0,Defensives Mittelfeld,20000000.0,2026,bayer-04-leverkusen
Kennet Eichhorn,18,2009-07-27,17,Deutschland,186.0,rechts,30.06.2031,Hertha BSC,9000000.0,Defensives Mittelfeld,20000000.0,2026,bayer-04-leverkusen
Robert Andrich,8,1994-09-22,31,Deutschland,187.0,rechts,30.06.2028,1.FC Union Berlin,6500000.0,Defensives Mittelfeld,6000000.0,2026,bayer-04-leverkusen
Exequiel Palacios,25,1998-10-05,27,Argentinien,177.0,rechts,30.06.2030,CA River Plate,17000000.0,Zentrales Mittelfeld,25000000.0,2026,bayer-04-leverkusen
Aleix García,24,1997-06-28,29,Spanien,173.0,rechts,30.06.2029,FC Girona,18000000.0,Zentrales Mittelfeld,20000000.0,2026,bayer-04-leverkusen
Noah Mbamba,31,2005-01-05,21,Belgien,196.0,rechts,30.06.2028,Club Brügge,100000.0,Zentrales Mittelfeld,2000000.0,2026,bayer-04-leverkusen
Naba Mensah,,2007-05-08,19,Deutschland,,beidfüßig,30.06.2027,Bayer 04 Leverkusen U19,,Zentrales Mittelfeld,,2026,bayer-04-leverkusen
Ibrahim Maza,30,2005-11-24,20,Algerien,180.0,rechts,30.06.2030,Hertha BSC,12000000.0,Offensives Mittelfeld,45000000.0,2026,bayer-04-leverkusen
Malik Tillman,10,2002-05-28,24,Vereinigte Staaten,187.0,rechts,30.06.2030,PSV Eindhoven,35000000.0,Offensives Mittelfeld,30000000.0,2026,bayer-04-leverkusen
Jonas Hofmann,7,1992-07-14,34,Deutschland,176.0,rechts,30.06.2027,Borussia Mönchengladbach,10000000.0,Offensives Mittelfeld,1500000.0,2026,bayer-04-leverkusen
Afonso Moreira,9,2005-03-19,21,Portugal,176.0,rechts,30.06.2031,Olympique Lyon,29500000.0,Linksaußen,20000000.0,2026,bayer-04-leverkusen
Eliesse Ben Seghir,17,2005-02-16,21,Marokko,178.0,rechts,30.06.2030,AS Monaco,32000000.0,Linksaußen,20000000.0,2026,bayer-04-leverkusen
Martin Terrier,11,1997-03-04,29,Frankreich,184.0,rechts,30.06.2029,FC Stade Rennes,20000000.0,Linksaußen,8000000.0,2026,bayer-04-leverkusen
Ernest Poku,19,2004-01-28,22,Niederlande,176.0,rechts,30.06.2030,AZ Alkmaar,10000000.0,Rechtsaußen,25000000.0,2026,bayer-04-leverkusen
Nathan Tella,23,1999-07-05,27,Nigeria,173.0,rechts,30.06.2031,FC Southampton,23300000.0,Rechtsaußen,15000000.0,2026,bayer-04-leverkusen
Montrell Culbreath,42,2007-08-29,18,Deutschland,172.0,rechts,30.06.2031,Bayer 04 Leverkusen U19,,Rechtsaußen,15000000.0,2026,bayer-04-leverkusen
Farid Alfa-Ruprecht,29,2006-03-28,20,Deutschland,181.0,rechts,30.06.2030,Manchester City U21,1300000.0,Rechtsaußen,3000000.0,2026,bayer-04-leverkusen
Christian Kofane,35,2006-07-26,20,Kamerun,189.0,rechts,30.06.2029,Albacete Balompié,5250000.0,Mittelstürmer,40000000.0,2026,bayer-04-leverkusen
Patrik Schick,14,1996-01-24,30,Tschechien,191.0,links,30.06.2030,AS Rom,26500000.0,Mittelstürmer,18000000.0,2026,bayer-04-leverkusen
Aleksa Damjanovic,,2008-12-04,17,Serbien,199.0,links,30.06.2029,Roter Stern Belgrad,5000000.0,Mittelstürmer,5000000.0,2026,bayer-04-leverkusen
Victor Boniface,22,2000-12-23,25,Nigeria,190.0,rechts,30.06.2028,Union Saint-Gilloise,22600000.0,Mittelstürmer,5000000.0,2026,bayer-04-leverkusen
Ndjicoura Bomba,,2008-03-12,18,Mali,187.0,,30.06.2030,Club Sportif de Bamako,1500000.0,Mittelstürmer,,2026,bayer-04-leverkusen
Dennis Seimen,41,2005-12-01,20,Deutschland,192.0,links,30.06.2029,VfB Stuttgart U19,,Torwart,10000000.0,2026,vfb-stuttgart
Fabian Bredlow,1,1995-03-02,31,Deutschland,190.0,beidfüßig,30.06.2027,1.FC Nürnberg,300000.0,Torwart,700000.0,2026,vfb-stuttgart
Marius Funk,33,1996-01-01,30,Deutschland,187.0,rechts,30.06.2028,FC Energie Cottbus,,Torwart,300000.0,2026,vfb-stuttgart
Stefan Drljaca,46,1999-04-20,27,Deutschland,192.0,rechts,30.06.2027,SG Dynamo Dresden,,Torwart,300000.0,2026,vfb-stuttgart
Finn Jeltsch,29,2006-07-17,20,Deutschland,188.0,rechts,30.06.2030,1.FC Nürnberg,9500000.0,Innenverteidiger,35000000.0,2026,vfb-stuttgart
Ramon Hendriks,3,2001-07-18,25,Niederlande,189.0,links,30.06.2028,Feyenoord Rotterdam,1000000.0,Innenverteidiger,25000000.0,2026,vfb-stuttgart
Jeff Chabot,24,1998-02-12,28,Deutschland,195.0,links,30.06.2028,1.FC Köln,4000000.0,Innenverteidiger,15000000.0,2026,vfb-stuttgart
Luca Jaquez,14,2003-06-02,23,Schweiz,187.0,rechts,30.06.2029,FC Luzern,6500000.0,Innenverteidiger,10000000.0,2026,vfb-stuttgart
Ameen Al-Dakhil,2,2002-03-06,24,Belgien,187.0,rechts,30.06.2028,FC Burnley,9000000.0,Innenverteidiger,3000000.0,2026,vfb-stuttgart
Dan-Axel Zagadou,23,1999-06-03,27,Frankreich,196.0,links,30.06.2027,Vereinslos,,Innenverteidiger,2000000.0,2026,vfb-stuttgart
Maximilian Mittelstädt,7,1997-03-18,29,Deutschland,180.0,links,30.06.2028,Hertha BSC,500000.0,Linker Verteidiger,18000000.0,2026,vfb-stuttgart
Josha Vagnoman,4,2000-12-11,25,Deutschland,190.0,rechts,30.06.2028,Hamburger SV,4500000.0,Rechter Verteidiger,10000000.0,2026,vfb-stuttgart
Lorenz Assignon,22,2000-06-22,26,Frankreich,181.0,rechts,30.06.2029,FC Stade Rennes,12000000.0,Rechter Verteidiger,9000000.0,2026,vfb-stuttgart
Leonidas Stergiou,20,2002-03-03,24,Schweiz,181.0,rechts,30.06.2028,FC St. Gallen 1879,2000000.0,Rechter Verteidiger,2500000.0,2026,vfb-stuttgart
Christopher Olivier,31,2006-01-31,20,Österreich,187.0,rechts,30.06.2028,,,Rechter Verteidiger,1200000.0,2026,vfb-stuttgart
Angelo Stiller,6,2001-04-04,25,Deutschland,183.0,links,30.06.2028,TSG 1899 Hoffenheim,5500000.0,Defensives Mittelfeld,45000000.0,2026,vfb-stuttgart
Chema Andrés,30,2005-04-25,21,Spanien,190.0,rechts,30.06.2030,Real Madrid Castilla,3000000.0,Defensives Mittelfeld,20000000.0,2026,vfb-stuttgart
Atakan Karazor,16,1996-10-13,29,Türkei,191.0,rechts,30.06.2028,Holstein Kiel,800000.0,Defensives Mittelfeld,8000000.0,2026,vfb-stuttgart
Mirza Catovic,35,2007-05-01,19,Deutschland,190.0,links,30.06.2028,VfB Stuttgart II,,Defensives Mittelfeld,4000000.0,2026,vfb-stuttgart
Nikolas Nartey,28,2000-02-22,26,Dänemark,186.0,links,30.06.2028,1.FC Köln,,Zentrales Mittelfeld,10000000.0,2026,vfb-stuttgart
Grischa Prömel,21,1995-01-09,31,Deutschland,184.0,rechts,30.06.2029,TSG 1899 Hoffenheim,,Zentrales Mittelfeld,3500000.0,2026,vfb-stuttgart
Yanik Spalt,47,2007-09-03,18,Österreich,184.0,links,30.06.2028,,,Zentrales Mittelfeld,750000.0,2026,vfb-stuttgart
Ertugrul Yigit,39,2009-01-08,17,Deutschland,,rechts,30.06.2029,VfB Stuttgart U19,,Zentrales Mittelfeld,,2026,vfb-stuttgart
Bilal El Khannouss,11,2004-05-10,22,Marokko,180.0,rechts,30.06.2030,Leicester City,15000000.0,Offensives Mittelfeld,35000000.0,2026,vfb-stuttgart
Laurin Ulrich,38,2005-01-31,21,Deutschland,180.0,rechts,30.06.2027,VfB Stuttgart II,,Offensives Mittelfeld,3500000.0,2026,vfb-stuttgart
Chris Führich,10,1998-01-09,28,Deutschland,181.0,rechts,30.06.2028,SC Paderborn 07,2500000.0,Linksaußen,12000000.0,2026,vfb-stuttgart
Leo Sauer,44,2005-12-16,20,Slowakei,184.0,rechts,30.06.2031,Feyenoord Rotterdam,15000000.0,Linksaußen,7000000.0,2026,vfb-stuttgart
Jarzinho Malanga,43,2006-07-10,20,Deutschland,179.0,rechts,30.06.2028,VfB Stuttgart II,,Linksaußen,1700000.0,2026,vfb-stuttgart
Justin Diehl,17,2004-11-27,21,Deutschland,174.0,rechts,30.06.2029,1.FC Köln,,Linksaußen,1200000.0,2026,vfb-stuttgart
Jamie Leweling,18,2001-02-26,25,Deutschland,185.0,beidfüßig,30.06.2029,1.FC Union Berlin,6000000.0,Rechtsaußen,40000000.0,2026,vfb-stuttgart
Tiago Tomás,8,2002-06-16,24,Portugal,180.0,rechts,30.06.2029,VfL Wolfsburg,13000000.0,Rechtsaußen,15000000.0,2026,vfb-stuttgart
Badredine Bouanani,27,2004-12-08,21,Algerien,177.0,links,30.06.2030,OGC Nizza,15000000.0,Rechtsaußen,10000000.0,2026,vfb-stuttgart
Lazar Jovanovic,45,2006-11-30,19,Serbien,184.0,links,30.06.2029,Roter Stern Belgrad,5000000.0,Rechtsaußen,3500000.0,2026,vfb-stuttgart
Ermedin Demirovic,9,1998-03-25,28,Bosnien-Herzegowina,185.0,rechts,30.06.2028,FC Augsburg,23000000.0,Mittelstürmer,22000000.0,2026,vfb-stuttgart
Deniz Undav,26,1996-07-19,30,Deutschland,179.0,beidfüßig,30.06.2029,Brighton & Hove Albion,26700000.0,Mittelstürmer,22000000.0,2026,vfb-stuttgart
Jovan Milosevic,19,2005-07-31,21,Serbien,190.0,rechts,30.06.2029,FK Vojvodina Novi Sad,1200000.0,Mittelstürmer,7000000.0,2026,vfb-stuttgart
Jeremy Arévalo,25,2005-03-19,21,Ecuador,182.0,links,30.06.2031,Racing Santander,7500000.0,Mittelstürmer,7000000.0,2026,vfb-stuttgart
Kauã Santos,40,2003-04-11,23,Brasilien,196.0,rechts,30.06.2030,CR Flamengo U20,1600000.0,Torwart,7000000.0,2026,eintracht-frankfurt
Michael Zetterer,23,1995-07-12,31,Deutschland,187.0,beidfüßig,30.06.2029,SV Werder Bremen,6000000.0,Torwart,4000000.0,2026,eintracht-frankfurt
Jens Grahl,33,1988-09-22,37,Deutschland,192.0,rechts,30.06.2027,VfB Stuttgart,250000.0,Torwart,200000.0,2026,eintracht-frankfurt
Amil Siljevic,39,2007-01-19,19,Bosnien-Herzegowina,192.0,rechts,30.06.2029,Eintracht Frankfurt U19,,Torwart,,2026,eintracht-frankfurt
Nnamdi Collins,34,2004-01-10,22,Deutschland,188.0,rechts,30.06.2030,Borussia Dortmund II,1000000.0,Innenverteidiger,20000000.0,2026,eintracht-frankfurt
Arthur Theate,3,2000-05-25,26,Belgien,185.0,links,30.06.2029,FC Stade Rennes,13000000.0,Innenverteidiger,17000000.0,2026,eintracht-frankfurt
Robin Koch,4,1996-07-17,30,Deutschland,192.0,rechts,30.06.2030,Leeds United,,Innenverteidiger,10000000.0,2026,eintracht-frankfurt
Otávio,5,2005-11-25,20,Brasilien,193.0,links,30.06.2031,CF Estrela Amadora,4500000.0,Innenverteidiger,1500000.0,2026,eintracht-frankfurt
Keita Kosugi,26,2006-03-18,20,Japan,172.0,links,30.06.2031,Djurgårdens IF,6500000.0,Linker Verteidiger,5000000.0,2026,eintracht-frankfurt
Niels Nkounkou,48,2000-11-01,25,Frankreich,180.0,links,30.06.2028,AS Saint-Étienne,7500000.0,Linker Verteidiger,2600000.0,2026,eintracht-frankfurt
Elias Baum,2,2005-10-26,20,Deutschland,180.0,rechts,30.06.2028,Eintracht Frankfurt II,,Rechter Verteidiger,4000000.0,2026,eintracht-frankfurt
Timothy Chandler,22,1990-03-29,36,Vereinigte Staaten,187.0,rechts,30.06.2027,1.FC Nürnberg,1000000.0,Rechter Verteidiger,350000.0,2026,eintracht-frankfurt
Raphael Onyedika,25,2001-04-19,25,Nigeria,184.0,rechts,30.06.2031,Club Brügge,9000000.0,Defensives Mittelfeld,23000000.0,2026,eintracht-frankfurt
Noël Aséko,,2005-11-22,20,Deutschland,178.0,rechts,30.06.2031,FC Bayern München,12000000.0,Defensives Mittelfeld,12000000.0,2026,eintracht-frankfurt
Ellyes Skhiri,15,1995-05-10,31,Tunesien,185.0,rechts,30.06.2027,1.FC Köln,,Defensives Mittelfeld,5000000.0,2026,eintracht-frankfurt
Hugo Larsson,16,2004-06-27,22,Schweden,187.0,rechts,30.06.2029,Malmö FF,9000000.0,Zentrales Mittelfeld,28000000.0,2026,eintracht-frankfurt
Oscar Højlund,6,2005-01-04,21,Dänemark,184.0,rechts,30.06.2029,FC Kopenhagen,1350000.0,Zentrales Mittelfeld,15000000.0,2026,eintracht-frankfurt
Junior Dina Ebimbe,43,2000-11-21,25,Kamerun,184.0,rechts,30.06.2027,Paris Saint-Germain,6500000.0,Rechtes Mittelfeld,6000000.0,2026,eintracht-frankfurt
Can Uzun,42,2005-11-11,20,Türkei,186.0,rechts,30.06.2029,1.FC Nürnberg,13000000.0,Offensives Mittelfeld,45000000.0,2026,eintracht-frankfurt
Farès Chaïbi,8,2002-11-28,23,Algerien,183.0,rechts,30.06.2028,FC Toulouse,10000000.0,Offensives Mittelfeld,15000000.0,2026,eintracht-frankfurt
Love Arrhov,31,2008-05-17,18,Schweden,178.0,rechts,30.06.2028,IF Brommapojkarna,4600000.0,Offensives Mittelfeld,5000000.0,2026,eintracht-frankfurt
Mario Götze,27,1992-06-03,34,Deutschland,176.0,rechts,30.06.2028,PSV Eindhoven,3000000.0,Offensives Mittelfeld,3000000.0,2026,eintracht-frankfurt
Jean-Mattéo Bahoya,19,2005-05-07,21,Frankreich,180.0,rechts,30.06.2029,Angers SCO,8000000.0,Linksaußen,25000000.0,2026,eintracht-frankfurt
Malik Pimpong,35,2008-01-01,18,Dänemark,190.0,rechts,30.06.2031,FC Midtjylland U19,3500000.0,Linksaußen,,2026,eintracht-frankfurt
Ritsu Doan,20,1998-06-16,28,Japan,172.0,links,30.06.2030,SC Freiburg,21000000.0,Rechtsaußen,17000000.0,2026,eintracht-frankfurt
Ansgar Knauff,7,2002-01-10,24,Deutschland,180.0,rechts,30.06.2028,Borussia Dortmund,5000000.0,Rechtsaußen,15000000.0,2026,eintracht-frankfurt
Ayoube Amaimouni-Echghouyab,29,2004-11-30,21,Marokko,179.0,links,30.06.2031,TSG 1899 Hoffenheim II,200000.0,Rechtsaußen,10000000.0,2026,eintracht-frankfurt
Jonathan Burkardt,9,2000-07-11,26,Deutschland,181.0,rechts,30.06.2030,1.FSV Mainz 05,21000000.0,Mittelstürmer,30000000.0,2026,eintracht-frankfurt
Elye Wahi,,2003-01-02,23,Elfenbeinküste,181.0,rechts,30.06.2030,Olympique Marseille,26000000.0,Mittelstürmer,18000000.0,2026,eintracht-frankfurt
Younes Ebnoutalib,11,2003-09-13,22,Deutschland,191.0,rechts,30.06.2031,SV 07 Elversberg,8000000.0,Mittelstürmer,8000000.0,2026,eintracht-frankfurt
Noel Futkeu,,2002-12-06,23,Deutschland,183.0,rechts,,SpVgg Greuther Fürth,1300000.0,Mittelstürmer,7500000.0,2026,eintracht-frankfurt
Michy Batshuayi,30,1993-10-02,32,Belgien,185.0,rechts,30.06.2027,Galatasaray,3000000.0,Mittelstürmer,2000000.0,2026,eintracht-frankfurt
Jessic Ngankam,,2000-07-20,26,Deutschland,184.0,rechts,30.06.2028,Hertha BSC,4000000.0,Mittelstürmer,700000.0,2026,eintracht-frankfurt
Oliver Baumann,1,1990-06-02,36,Deutschland,187.0,rechts,30.06.2028,SC Freiburg,5500000.0,Torwart,2500000.0,2026,tsg-1899-hoffenheim
Luca Philipp,37,2000-11-28,25,Deutschland,192.0,rechts,,TSG 1899 Hoffenheim II,,Torwart,750000.0,2026,tsg-1899-hoffenheim
Lúkas Petersson,36,2004-02-09,22,Island,195.0,rechts,,TSG 1899 Hoffenheim II,,Torwart,600000.0,2026,tsg-1899-hoffenheim
Albian Hajdari,21,2003-05-18,23,Kosovo,189.0,links,30.06.2031,FC Lugano,5000000.0,Innenverteidiger,25000000.0,2026,tsg-1899-hoffenheim
Ozan Kabak,5,2000-03-25,26,Türkei,187.0,rechts,30.06.2030,FC Schalke 04,7000000.0,Innenverteidiger,15000000.0,2026,tsg-1899-hoffenheim
Robin Hranac,2,2000-01-29,26,Tschechien,189.0,rechts,30.06.2028,FC Viktoria Pilsen,8000000.0,Innenverteidiger,10000000.0,2026,tsg-1899-hoffenheim
Koki Machida,28,1997-08-25,28,Japan,190.0,links,30.06.2029,Union Saint-Gilloise,4750000.0,Innenverteidiger,6000000.0,2026,tsg-1899-hoffenheim
Arthur Chaves,35,2001-01-29,25,Brasilien,188.0,rechts,30.06.2029,Académico Viseu FC,6000000.0,Innenverteidiger,5000000.0,2026,tsg-1899-hoffenheim
Sean Dulic,4,2005-06-05,21,Deutschland,187.0,beidfüßig,30.06.2030,TSV 1860 München,,Innenverteidiger,1200000.0,2026,tsg-1899-hoffenheim
Mats Rots,39,2006-03-11,20,Niederlande,190.0,links,30.06.2031,FC Twente Enschede,12000000.0,Linker Verteidiger,12000000.0,2026,tsg-1899-hoffenheim
Bernardo,13,1995-05-14,31,Brasilien,186.0,links,30.06.2027,VfL Bochum,,Linker Verteidiger,4000000.0,2026,tsg-1899-hoffenheim
Valentin Gendrey,15,2000-06-21,26,Frankreich,179.0,rechts,30.06.2028,US Lecce,9500000.0,Rechter Verteidiger,6000000.0,2026,tsg-1899-hoffenheim
Vladimír Coufal,34,1992-08-22,33,Tschechien,175.0,rechts,30.06.2028,West Ham United,,Rechter Verteidiger,2500000.0,2026,tsg-1899-hoffenheim
Natnael Abraha,29,2008-03-14,18,Deutschland,183.0,rechts,,TSG 1899 Hoffenheim II,,Rechter Verteidiger,400000.0,2026,tsg-1899-hoffenheim
Leon Avdullahu,7,2004-02-23,22,Kosovo,185.0,rechts,30.06.2031,FC Basel 1893,8000000.0,Defensives Mittelfeld,30000000.0,2026,tsg-1899-hoffenheim
Wouter Burger,18,2001-02-16,25,Niederlande,191.0,links,30.06.2030,Stoke City,4000000.0,Defensives Mittelfeld,20000000.0,2026,tsg-1899-hoffenheim
Cajetan Lenz,32,2006-06-16,20,Deutschland,190.0,,30.06.2031,VfL Bochum,10000000.0,Defensives Mittelfeld,10000000.0,2026,tsg-1899-hoffenheim
Luis Engelns,16,2007-03-11,19,Deutschland,190.0,rechts,,SC Paderborn 07,3000000.0,Defensives Mittelfeld,4000000.0,2026,tsg-1899-hoffenheim
Nathan De Cat,17,2008-07-19,18,Belgien,192.0,rechts,30.06.2031,RSC Anderlecht,18500000.0,Zentrales Mittelfeld,27000000.0,2026,tsg-1899-hoffenheim
Umut Tohumcu,25,2004-08-11,21,Deutschland,175.0,rechts,30.06.2028,TSG 1899 Hoffenheim II,,Zentrales Mittelfeld,3500000.0,2026,tsg-1899-hoffenheim
Dennis Geiger,,1998-06-10,28,Deutschland,173.0,rechts,30.06.2027,TSG 1899 Hoffenheim U19,,Zentrales Mittelfeld,1000000.0,2026,tsg-1899-hoffenheim
Alexander Prass,22,2001-05-26,25,Österreich,180.0,links,30.06.2028,SK Sturm Graz,12000000.0,Linkes Mittelfeld,9000000.0,2026,tsg-1899-hoffenheim
Bambasé Conté,20,2003-07-07,23,Deutschland,182.0,links,,TSG 1899 Hoffenheim II,,Offensives Mittelfeld,4000000.0,2026,tsg-1899-hoffenheim
Deniz Zeitler,38,2006-12-13,19,Deutschland,181.0,beidfüßig,,FC Ingolstadt 04,1000000.0,Linksaußen,4000000.0,2026,tsg-1899-hoffenheim
Patrick Wimmer,8,2001-05-30,25,Österreich,182.0,rechts,30.06.2031,VfL Wolfsburg,10000000.0,Rechtsaußen,12000000.0,2026,tsg-1899-hoffenheim
Adam Daghim,14,2005-09-28,20,Dänemark,189.0,links,,FC Red Bull Salzburg,13000000.0,Rechtsaußen,7500000.0,2026,tsg-1899-hoffenheim
Andrej Kramaric,27,1991-06-19,35,Kroatien,177.0,rechts,30.06.2028,Leicester City,11000000.0,Hängende Spitze,2500000.0,2026,tsg-1899-hoffenheim
Fisnik Asllani,11,2002-08-08,23,Kosovo,191.0,beidfüßig,30.06.2029,TSG 1899 Hoffenheim II,,Mittelstürmer,35000000.0,2026,tsg-1899-hoffenheim
Tim Lemperle,19,2002-02-05,24,Deutschland,187.0,rechts,30.06.2031,1.FC Köln,,Mittelstürmer,17000000.0,2026,tsg-1899-hoffenheim
Adam Hlozek,10,2002-07-25,24,Tschechien,188.0,rechts,30.06.2029,Bayer 04 Leverkusen,18000000.0,Mittelstürmer,10000000.0,2026,tsg-1899-hoffenheim
Alessandro Vogt,24,2005-02-03,21,Schweiz,188.0,rechts,30.06.2031,FC St. Gallen 1879,2700000.0,Mittelstürmer,8000000.0,2026,tsg-1899-hoffenheim
Max Moerstedt,9,2006-01-15,20,Deutschland,194.0,rechts,30.06.2030,TSG 1899 Hoffenheim U19,,Mittelstürmer,7000000.0,2026,tsg-1899-hoffenheim
Noah Atubolu,,2002-05-25,24,Deutschland,190.0,rechts,30.06.2027,SC Freiburg II,,Torwart,25000000.0,2026,sc-freiburg
Mio Backhaus,1,2004-04-16,22,Deutschland,194.0,rechts,,SV Werder Bremen,12000000.0,Torwart,15000000.0,2026,sc-freiburg
Florian Müller,21,1997-11-13,28,Deutschland,190.0,links,,VfB Stuttgart,1500000.0,Torwart,1200000.0,2026,sc-freiburg
Jannik Huth,24,1994-04-15,32,Deutschland,185.0,rechts,,SC Paderborn 07,,Torwart,400000.0,2026,sc-freiburg
Bruno Ogbus,43,2005-12-17,20,Schweiz,188.0,rechts,,SC Freiburg II,,Innenverteidiger,15000000.0,2026,sc-freiburg
Philipp Lienhart,3,1996-07-11,30,Österreich,189.0,rechts,,Real Madrid,2000000.0,Innenverteidiger,10000000.0,2026,sc-freiburg
Max Rosenfelder,37,2003-02-10,23,Deutschland,186.0,rechts,,SC Freiburg II,,Innenverteidiger,6000000.0,2026,sc-freiburg
Matthias Ginter,28,1994-01-19,32,Deutschland,189.0,rechts,30.06.2027,Borussia Mönchengladbach,,Innenverteidiger,5000000.0,2026,sc-freiburg
Anthony Jung,5,1991-11-03,34,Deutschland,186.0,links,30.06.2027,SV Werder Bremen,,Innenverteidiger,600000.0,2026,sc-freiburg
Berkay Yılmaz,27,2005-02-25,21,Türkei,178.0,links,,SC Freiburg II,,Linker Verteidiger,7000000.0,2026,sc-freiburg
Jordy Makengo,33,2001-08-03,25,Frankreich,191.0,links,30.06.2028,SC Freiburg II,,Linker Verteidiger,6000000.0,2026,sc-freiburg
Christian Günter,30,1993-02-28,33,Deutschland,184.0,links,,SC Freiburg U19,,Linker Verteidiger,2000000.0,2026,sc-freiburg
Philipp Treu,29,2000-12-03,25,Deutschland,173.0,rechts,,FC St. Pauli,5500000.0,Rechter Verteidiger,15000000.0,2026,sc-freiburg
Lukas Kübler,17,1992-08-30,33,Deutschland,182.0,rechts,,SV Sandhausen,,Rechter Verteidiger,1500000.0,2026,sc-freiburg
Karl Steinmann,36,2005-12-13,20,Deutschland,186.0,rechts,,SC Freiburg II,,Rechter Verteidiger,150000.0,2026,sc-freiburg
Patrick Osterhage,6,2000-02-01,26,Deutschland,186.0,links,,VfL Bochum,4800000.0,Defensives Mittelfeld,12000000.0,2026,sc-freiburg
Yannik Engelhardt,16,2001-02-07,25,Deutschland,184.0,rechts,,Como 1907,7000000.0,Defensives Mittelfeld,7000000.0,2026,sc-freiburg
Rihito Yamamoto,20,2001-12-12,24,Japan,179.0,links,,VV St. Truiden,7000000.0,Defensives Mittelfeld,7000000.0,2026,sc-freiburg
Maximilian Eggestein,8,1996-12-08,29,Deutschland,181.0,rechts,,SV Werder Bremen,5000000.0,Zentrales Mittelfeld,10000000.0,2026,sc-freiburg
Rouven Tarnutzer,39,2007-07-24,19,Schweiz,184.0,rechts,30.06.2027,SC Freiburg II,,Zentrales Mittelfeld,400000.0,2026,sc-freiburg
Derry Scherhant,7,2002-11-10,23,Deutschland,185.0,rechts,,Hertha BSC,2000000.0,Linksaußen,7500000.0,2026,sc-freiburg
Vincenzo Grifo,32,1993-04-07,33,Italien,180.0,rechts,30.06.2027,TSG 1899 Hoffenheim,7000000.0,Linksaußen,4000000.0,2026,sc-freiburg
Florent Muslija,23,1998-07-06,28,Kosovo,172.0,rechts,30.06.2028,SC Paderborn 07,1000000.0,Linksaußen,1800000.0,2026,sc-freiburg
Niklas Beste,19,1999-01-04,27,Deutschland,175.0,links,30.06.2030,Benfica Lissabon,8000000.0,Rechtsaußen,10000000.0,2026,sc-freiburg
Cyriaque Irié,22,2005-06-20,21,Burkina Faso,185.0,links,,ESTAC Troyes,8500000.0,Rechtsaußen,8000000.0,2026,sc-freiburg
Eren Dinkçi,18,2001-12-13,24,Türkei,188.0,rechts,,SV Werder Bremen,5000000.0,Rechtsaußen,6000000.0,2026,sc-freiburg
Yuito Suzuki,14,2001-10-25,24,Japan,175.0,rechts,,Bröndby IF,10000000.0,Hängende Spitze,24000000.0,2026,sc-freiburg
Igor Matanovic,31,2003-03-31,23,Kroatien,194.0,rechts,,Eintracht Frankfurt,6700000.0,Mittelstürmer,22000000.0,2026,sc-freiburg
Keisuke Goto,42,2005-06-03,21,Japan,191.0,rechts,,RSC Anderlecht,10000000.0,Mittelstürmer,10000000.0,2026,sc-freiburg
Lucas Höler,9,1994-07-10,32,Deutschland,184.0,rechts,,SV Sandhausen,2000000.0,Mittelstürmer,3000000.0,2026,sc-freiburg
Robin Zentner,27,1994-10-28,31,Deutschland,194.0,rechts,30.06.2028,1.FSV Mainz 05 II,,Torwart,2500000.0,2026,1-fsv-mainz-05
Alexander Schwolow,1,1992-06-02,34,Deutschland,190.0,rechts,,Heart of Midlothian FC,,Torwart,450000.0,2026,1-fsv-mainz-05
Maximilian Kinzig,40,2003-12-04,22,Deutschland,190.0,rechts,,1.FSV Mainz 05 II,,Torwart,150000.0,2026,1-fsv-mainz-05
Kacper Potulski,48,2007-10-19,18,Polen,195.0,rechts,30.06.2028,1.FSV Mainz 05 II,,Innenverteidiger,18000000.0,2026,1-fsv-mainz-05
Andreas Hanche-Olsen,25,1997-01-17,29,Norwegen,185.0,rechts,30.06.2028,KAA Gent,2500000.0,Innenverteidiger,3500000.0,2026,1-fsv-mainz-05
Fabio Gruber,3,2002-09-03,23,Peru,188.0,rechts,30.06.2030,1.FC Nürnberg,3500000.0,Innenverteidiger,3000000.0,2026,1-fsv-mainz-05
Dominik Kohr,31,1994-01-31,32,Deutschland,183.0,rechts,30.06.2028,Eintracht Frankfurt,1500000.0,Innenverteidiger,2000000.0,2026,1-fsv-mainz-05
Danny da Costa,21,1993-07-13,33,Deutschland,187.0,rechts,30.06.2027,Eintracht Frankfurt,,Innenverteidiger,1200000.0,2026,1-fsv-mainz-05
Stefan Bell,16,1991-08-24,34,Deutschland,192.0,rechts,30.06.2027,1.FSV Mainz 05 U19,,Innenverteidiger,600000.0,2026,1-fsv-mainz-05
Phillipp Mwene,2,1994-01-29,32,Österreich,170.0,rechts,,PSV Eindhoven,1000000.0,Linker Verteidiger,1500000.0,2026,1-fsv-mainz-05
Anthony Caci,19,1997-07-01,29,Frankreich,184.0,beidfüßig,30.06.2028,RC Straßburg Alsace,,Rechter Verteidiger,7000000.0,2026,1-fsv-mainz-05
Silvan Widmer,30,1993-03-05,33,Schweiz,183.0,rechts,,FC Basel 1893,2500000.0,Rechter Verteidiger,800000.0,2026,1-fsv-mainz-05
Kaishu Sano,6,2000-12-30,25,Japan,176.0,beidfüßig,30.06.2028,Kashima Antlers,2500000.0,Defensives Mittelfeld,50000000.0,2026,1-fsv-mainz-05
Eric Martel,5,2002-04-29,24,Deutschland,188.0,rechts,,1.FC Köln,,Defensives Mittelfeld,8000000.0,2026,1-fsv-mainz-05
Lennard Maloney,15,1999-10-08,26,Vereinigte Staaten,188.0,rechts,30.06.2028,1.FC Heidenheim 1846,500000.0,Defensives Mittelfeld,2500000.0,2026,1-fsv-mainz-05
Sota Kawasaki,24,2001-07-30,25,Japan,172.0,beidfüßig,,Kyoto Sanga,1000000.0,Defensives Mittelfeld,2000000.0,2026,1-fsv-mainz-05
Nadiem Amiri,10,1996-10-27,29,Deutschland,180.0,rechts,30.06.2028,Bayer 04 Leverkusen,1000000.0,Zentrales Mittelfeld,17000000.0,2026,1-fsv-mainz-05
Paul Nebel,8,2002-10-10,23,Deutschland,169.0,beidfüßig,30.06.2027,1.FSV Mainz 05 U19,,Offensives Mittelfeld,18000000.0,2026,1-fsv-mainz-05
Hyun-seok Hong,13,1999-06-16,27,Südkorea,177.0,links,30.06.2028,KAA Gent,4000000.0,Offensives Mittelfeld,2500000.0,2026,1-fsv-mainz-05
Jae-sung Lee,7,1992-08-10,33,Südkorea,180.0,links,,Holstein Kiel,,Offensives Mittelfeld,2000000.0,2026,1-fsv-mainz-05
Marco Richter,22,1997-11-24,28,Deutschland,176.0,rechts,30.06.2027,Hertha BSC,3000000.0,Offensives Mittelfeld,1500000.0,2026,1-fsv-mainz-05
Otto Ruoppi,20,2006-01-31,20,Finnland,180.0,rechts,30.06.2030,Kuopion Palloseura,1300000.0,Offensives Mittelfeld,1000000.0,2026,1-fsv-mainz-05
Sheraldo Becker,23,1995-02-09,31,Suriname,180.0,rechts,,CA Osasuna,500000.0,Linksaußen,1500000.0,2026,1-fsv-mainz-05
Silas,26,1998-10-06,27,DR Kongo,189.0,rechts,,VfB Stuttgart,150000.0,Rechtsaußen,2000000.0,2026,1-fsv-mainz-05
Benedict Hollerbach,17,2001-05-17,25,Deutschland,181.0,beidfüßig,30.06.2029,1.FC Union Berlin,10000000.0,Mittelstürmer,8000000.0,2026,1-fsv-mainz-05
Ransford Königsdörffer,11,2001-09-13,24,Ghana,182.0,rechts,,Hamburger SV,,Mittelstürmer,5000000.0,2026,1-fsv-mainz-05
Phillip Tietz,9,1997-07-09,29,Deutschland,190.0,rechts,30.06.2028,FC Augsburg,4000000.0,Mittelstürmer,4000000.0,2026,1-fsv-mainz-05
William Bøving,14,2003-03-01,23,Dänemark,176.0,beidfüßig,30.06.2029,SK Sturm Graz,3500000.0,Mittelstürmer,3500000.0,2026,1-fsv-mainz-05
Alynho Haidara,39,2008-07-26,18,Elfenbeinküste,190.0,,,FC Mainz 05 de Jacqueville,,Mittelstürmer,,2026,1-fsv-mainz-05
Finn Dahmen,1,1998-03-27,28,Deutschland,186.0,rechts,30.06.2027,1.FSV Mainz 05,,Torwart,12000000.0,2026,fc-augsburg
Nediljko Labrovic,22,1999-10-10,26,Kroatien,196.0,rechts,30.06.2029,HNK Rijeka,2500000.0,Torwart,2000000.0,2026,fc-augsburg
Tom Wisbereit,48,2007-11-17,18,Deutschland,195.0,,30.06.2030,1.FC Union Berlin U19,,Torwart,,2026,fc-augsburg
Chrislain Matsima,5,2002-05-15,24,Frankreich,193.0,rechts,30.06.2030,AS Monaco,5000000.0,Innenverteidiger,22000000.0,2026,fc-augsburg
Noahkai Banks,40,2006-12-01,19,Vereinigte Staaten,193.0,rechts,30.06.2029,FC Augsburg II,,Innenverteidiger,20000000.0,2026,fc-augsburg
Keven Schlotterbeck,31,1997-04-28,29,Deutschland,188.0,links,30.06.2027,SC Freiburg,2500000.0,Innenverteidiger,6000000.0,2026,fc-augsburg
Calvin Brackelmann,2,1999-08-22,26,Deutschland,196.0,links,30.06.2030,SC Paderborn 07,,Innenverteidiger,3000000.0,2026,fc-augsburg
Jeffrey Gouweleeuw,6,1991-07-10,35,Niederlande,188.0,rechts,30.06.2027,AZ Alkmaar,3000000.0,Innenverteidiger,1000000.0,2026,fc-augsburg
Hennes Behrens,16,2005-01-19,21,Deutschland,175.0,rechts,30.06.2031,TSG 1899 Hoffenheim,3500000.0,Linker Verteidiger,5000000.0,2026,fc-augsburg
Dimitrios Giannoulis,13,1995-10-17,30,Griechenland,178.0,links,30.06.2028,Norwich City,,Linker Verteidiger,3000000.0,2026,fc-augsburg
Mads Pedersen,3,1996-09-01,29,Dänemark,178.0,links,30.06.2027,FC Nordsjaelland,800000.0,Linker Verteidiger,800000.0,2026,fc-augsburg
Marius Wolf,27,1995-05-27,31,Deutschland,188.0,rechts,30.06.2027,Borussia Dortmund,,Rechter Verteidiger,2500000.0,2026,fc-augsburg
Kristijan Jakic,17,1997-05-14,29,Kroatien,181.0,rechts,30.06.2028,Eintracht Frankfurt,5000000.0,Defensives Mittelfeld,6000000.0,2026,fc-augsburg
Robin Fellhauer,19,1998-01-21,28,Deutschland,182.0,rechts,30.06.2029,SV 07 Elversberg,700000.0,Defensives Mittelfeld,3500000.0,2026,fc-augsburg
Yannik Keitel,14,2000-02-15,26,Deutschland,186.0,beidfüßig,30.06.2027,VfB Stuttgart,100000.0,Defensives Mittelfeld,2000000.0,2026,fc-augsburg
Tim Breithaupt,18,2002-02-07,24,Deutschland,192.0,rechts,30.06.2028,Karlsruher SC,2500000.0,Defensives Mittelfeld,800000.0,2026,fc-augsburg
Mahmut Kücüksahin,42,2004-04-07,22,Türkei,182.0,rechts,30.06.2027,FC Augsburg II,,Defensives Mittelfeld,150000.0,2026,fc-augsburg
Han-Noah Massengo,4,2001-07-07,25,Frankreich,178.0,rechts,30.06.2030,FC Burnley,3000000.0,Zentrales Mittelfeld,8000000.0,2026,fc-augsburg
Sima Suso,8,2005-05-28,21,Deutschland,190.0,links,30.06.2031,Fortuna Düsseldorf,1600000.0,Zentrales Mittelfeld,2800000.0,2026,fc-augsburg
Alexis Claude-Maurice,20,1998-06-06,28,Frankreich,176.0,rechts,30.06.2027,OGC Nizza,,Offensives Mittelfeld,15000000.0,2026,fc-augsburg
Fabian Rieder,32,2002-02-16,24,Schweiz,181.0,links,30.06.2030,FC Stade Rennes,7000000.0,Offensives Mittelfeld,12000000.0,2026,fc-augsburg
Mert Kömür,36,2005-07-17,21,Deutschland,184.0,beidfüßig,30.06.2029,FC Augsburg U19,,Offensives Mittelfeld,12000000.0,2026,fc-augsburg
Anton Kade,30,2004-01-17,22,Deutschland,185.0,rechts,30.06.2029,FC Basel 1893,2250000.0,Offensives Mittelfeld,10000000.0,2026,fc-augsburg
Nathanaël Mbuku,34,2002-03-16,24,DR Kongo,170.0,links,,Stade Reims,,Linksaußen,2000000.0,2026,fc-augsburg
Yusuf Kabadayi,,2004-02-02,22,Deutschland,186.0,rechts,30.06.2028,FC Bayern München II,900000.0,Linksaußen,1200000.0,2026,fc-augsburg
Faik Sakar,23,2008-01-14,18,Deutschland,178.0,rechts,30.06.2030,RB Leipzig U19,,Linksaußen,200000.0,2026,fc-augsburg
Rodrigo Ribeiro,9,2005-04-28,21,Portugal,186.0,rechts,30.06.2031,Sporting Lissabon B,5000000.0,Mittelstürmer,4000000.0,2026,fc-augsburg
Uchenna Ogundu,39,2006-05-12,20,Nigeria,180.0,rechts,30.06.2031,Alanyaspor,4500000.0,Mittelstürmer,4000000.0,2026,fc-augsburg
Michael Gregoritsch,11,1994-04-18,32,Österreich,193.0,links,30.06.2027,Bröndby IF,700000.0,Mittelstürmer,1500000.0,2026,fc-augsburg
Steve Mounié,15,1994-09-29,31,Benin,189.0,rechts,30.06.2027,Stade Brest 29,,Mittelstürmer,1500000.0,2026,fc-augsburg
Thomas Kastanaras,24,2003-01-09,23,Deutschland,186.0,,30.06.2027,VfB Stuttgart II,,Mittelstürmer,300000.0,2026,fc-augsburg
Karl Hein,1,2002-04-13,24,Estland,193.0,rechts,,FC Arsenal,3000000.0,Torwart,3000000.0,2026,sv-werder-bremen
Alexander Schlager,30,1996-02-01,30,Österreich,185.0,rechts,30.06.2029,FC Red Bull Salzburg,,Torwart,2000000.0,2026,sv-werder-bremen
Markus Kolke,25,1990-08-18,35,Deutschland,187.0,rechts,,FC Hansa Rostock,75000.0,Torwart,300000.0,2026,sv-werder-bremen
Stefan Smarkalev,37,2007-05-14,19,Bulgarien,188.0,rechts,30.06.2027,,,Torwart,150000.0,2026,sv-werder-bremen
Karim Coulibaly,31,2007-05-23,19,Deutschland,191.0,links,30.06.2029,SV Werder Bremen U19,,Innenverteidiger,28000000.0,2026,sv-werder-bremen
Marco Friedl,32,1998-03-16,28,Österreich,187.0,links,30.06.2028,FC Bayern München,3500000.0,Innenverteidiger,10000000.0,2026,sv-werder-bremen
Oskar Wójcik,3,2003-07-21,23,Polen,191.0,rechts,30.06.2031,Cracovia,3000000.0,Innenverteidiger,5000000.0,2026,sv-werder-bremen
Amos Pieper,5,1998-01-17,28,Deutschland,192.0,rechts,,Arminia Bielefeld,,Innenverteidiger,4000000.0,2026,sv-werder-bremen
Niklas Stark,4,1995-04-14,31,Deutschland,190.0,rechts,,Hertha BSC,,Innenverteidiger,2500000.0,2026,sv-werder-bremen
Julián Malatini,22,2001-05-31,25,Argentinien,191.0,rechts,,Defensa y Justicia,2000000.0,Innenverteidiger,2000000.0,2026,sv-werder-bremen
Mick Schmetgens,33,2007-09-09,18,Deutschland,190.0,rechts,30.06.2029,SV Werder Bremen II,,Innenverteidiger,700000.0,2026,sv-werder-bremen
Mats Heitmann,36,2006-02-11,20,Deutschland,195.0,,,SV Werder Bremen II,,Innenverteidiger,125000.0,2026,sv-werder-bremen
Felix Agu,27,1999-09-27,26,Nigeria,180.0,rechts,30.06.2027,VfL Osnabrück,,Linker Verteidiger,4500000.0,2026,sv-werder-bremen
Olivier Deman,2,2000-04-06,26,Belgien,181.0,links,30.06.2028,Cercle Brügge,4000000.0,Linker Verteidiger,3500000.0,2026,sv-werder-bremen
Mitchell Weiser,8,1994-04-21,32,Deutschland,177.0,rechts,30.06.2027,Bayer 04 Leverkusen,,Rechter Verteidiger,3000000.0,2026,sv-werder-bremen
Luca Höcker,35,2007-06-01,19,Deutschland,180.0,rechts,30.06.2029,SV Werder Bremen II,,Rechter Verteidiger,125000.0,2026,sv-werder-bremen
Senne Lynen,14,1999-02-19,27,Belgien,185.0,rechts,,Union Saint-Gilloise,2500000.0,Defensives Mittelfeld,8000000.0,2026,sv-werder-bremen
Skelly Alvero,28,2002-05-04,24,Frankreich,202.0,rechts,30.06.2028,Olympique Lyon,4750000.0,Defensives Mittelfeld,2000000.0,2026,sv-werder-bremen
Dariusz Stalmach,23,2005-12-08,20,Polen,182.0,rechts,,1.FC Magdeburg,,Defensives Mittelfeld,1500000.0,2026,sv-werder-bremen
Jens Stage,6,1996-11-08,29,Dänemark,187.0,rechts,30.06.2028,FC Kopenhagen,4000000.0,Zentrales Mittelfeld,14000000.0,2026,sv-werder-bremen
Romano Schmid,10,2000-01-27,26,Österreich,168.0,rechts,30.06.2027,FC Red Bull Salzburg,1000000.0,Offensives Mittelfeld,15000000.0,2026,sv-werder-bremen
Chuki,20,2004-04-29,22,Spanien,176.0,links,30.06.2030,Real Valladolid,,Offensives Mittelfeld,8000000.0,2026,sv-werder-bremen
Patrice Covic,24,2007-06-25,19,Kroatien,182.0,rechts,,SV Werder Bremen U19,,Offensives Mittelfeld,4000000.0,2026,sv-werder-bremen
Darwin Soylu,34,2007-03-23,19,Türkei,,links,,VfL Wolfsburg U19,,Offensives Mittelfeld,,2026,sv-werder-bremen
Samuel Mbangula,7,2004-01-16,22,Belgien,179.0,rechts,30.06.2030,Juventus Turin,10000000.0,Linksaußen,8000000.0,2026,sv-werder-bremen
Marco Grüll,17,1998-07-06,28,Österreich,181.0,beidfüßig,,SK Rapid Wien,,Linksaußen,4000000.0,2026,sv-werder-bremen
Justin Njinmah,11,2000-11-15,25,Deutschland,185.0,rechts,,SV Werder Bremen II,,Rechtsaußen,5000000.0,2026,sv-werder-bremen
Paul Erevbenagie,38,2007-08-19,18,Deutschland,,,,SV Werder Bremen II,,Rechtsaußen,125000.0,2026,sv-werder-bremen
Keke Topp,9,2004-03-25,22,Deutschland,192.0,rechts,30.06.2028,FC Schalke 04,2000000.0,Mittelstürmer,3000000.0,2026,sv-werder-bremen
Kenny Quetant,19,2006-07-17,20,Frankreich,189.0,rechts,30.06.2030,Le Havre AC,,Mittelstürmer,3000000.0,2026,sv-werder-bremen
Salim Musah,29,2006-02-22,20,Deutschland,198.0,rechts,,SV Werder Bremen U19,,Mittelstürmer,2000000.0,2026,sv-werder-bremen
Cedric Itten,26,1996-12-27,29,Schweiz,190.0,rechts,30.06.2029,Fortuna Düsseldorf,,Mittelstürmer,1800000.0,2026,sv-werder-bremen
Dawid Kownacki,21,1997-03-14,29,Polen,186.0,rechts,30.06.2027,Fortuna Düsseldorf,,Mittelstürmer,1500000.0,2026,sv-werder-bremen
Moritz Nicolas,1,1997-10-21,28,Deutschland,193.0,rechts,30.06.2029,Borussia Mönchengladbach II,,Torwart,8000000.0,2026,borussia-monchengladbach
Jan Olschowsky,23,2001-11-18,24,Deutschland,184.0,rechts,30.06.2027,Borussia Mönchengladbach II,,Torwart,450000.0,2026,borussia-monchengladbach
Daniel Batz,33,1991-01-12,35,Deutschland,191.0,beidfüßig,30.06.2029,1.FSV Mainz 05,,Torwart,350000.0,2026,borussia-monchengladbach
Tobias Sippel,21,1988-03-22,38,Deutschland,183.0,rechts,30.06.2027,1.FC Kaiserslautern,,Torwart,300000.0,2026,borussia-monchengladbach
Nico Elvedi,30,1996-09-30,29,Schweiz,189.0,rechts,30.06.2027,FC Zürich,4000000.0,Innenverteidiger,8000000.0,2026,borussia-monchengladbach
Kevin Diks,4,1996-10-06,29,Indonesien,186.0,rechts,30.06.2030,FC Kopenhagen,,Innenverteidiger,5000000.0,2026,borussia-monchengladbach
Fabio Chiarodia,2,2005-06-05,21,Italien,186.0,links,30.06.2028,SV Werder Bremen,2000000.0,Innenverteidiger,3000000.0,2026,borussia-monchengladbach
Jan Leszczyński,5,2007-04-12,19,Polen,191.0,beidfüßig,30.06.2030,Legia Warschau,3000000.0,Innenverteidiger,600000.0,2026,borussia-monchengladbach
Lukas Ullrich,26,2004-03-16,22,Deutschland,180.0,links,30.06.2029,Hertha BSC II,,Linker Verteidiger,6000000.0,2026,borussia-monchengladbach
David Herold,20,2003-02-20,23,Deutschland,185.0,links,30.06.2030,Karlsruher SC,3500000.0,Linker Verteidiger,4000000.0,2026,borussia-monchengladbach
Joe Scally,29,2002-12-31,23,Vereinigte Staaten,184.0,rechts,30.06.2027,New York City FC,1800000.0,Rechter Verteidiger,7000000.0,2026,borussia-monchengladbach
Yukhym Konoplya,22,1999-08-26,26,Ukraine,180.0,rechts,30.06.2029,Shakhtar Donetsk,,Rechter Verteidiger,5000000.0,2026,borussia-monchengladbach
Daiki Hashioka,14,1999-05-17,27,Japan,184.0,rechts,30.06.2027,SK Slavia Prag,,Rechter Verteidiger,1500000.0,2026,borussia-monchengladbach
Philipp Sander,16,1998-02-21,28,Deutschland,186.0,beidfüßig,30.06.2028,Holstein Kiel,1000000.0,Defensives Mittelfeld,4000000.0,2026,borussia-monchengladbach
Zento Uno,47,2003-11-20,22,Japan,176.0,rechts,30.06.2030,Shimizu S-Pulse,500000.0,Defensives Mittelfeld,1000000.0,2026,borussia-monchengladbach
Jens Castrop,17,2003-07-29,23,Südkorea,178.0,rechts,30.06.2029,1.FC Nürnberg,4500000.0,Zentrales Mittelfeld,10000000.0,2026,borussia-monchengladbach
Enzo Leopold,8,2000-07-23,26,Deutschland,174.0,rechts,30.06.2030,Hannover 96,,Zentrales Mittelfeld,4000000.0,2026,borussia-monchengladbach
Florian Neuhaus,10,1997-03-16,29,Deutschland,185.0,rechts,30.06.2027,TSV 1860 München,,Zentrales Mittelfeld,2500000.0,2026,borussia-monchengladbach
Wael Mohya,36,2008-12-31,17,Deutschland,179.0,beidfüßig,,Borussia Mönchengladbach U19,,Offensives Mittelfeld,17000000.0,2026,borussia-monchengladbach
Giovanni Reyna,13,2002-11-13,23,Vereinigte Staaten,187.0,rechts,30.06.2028,Borussia Dortmund,4000000.0,Offensives Mittelfeld,4000000.0,2026,borussia-monchengladbach
Kevin Stöger,7,1993-08-27,32,Österreich,175.0,links,30.06.2027,VfL Bochum,,Offensives Mittelfeld,1800000.0,2026,borussia-monchengladbach
Robin Hack,25,1998-08-27,27,Deutschland,178.0,rechts,30.06.2029,Arminia Bielefeld,1100000.0,Linksaußen,7000000.0,2026,borussia-monchengladbach
Hugo Bolin,38,2003-07-24,23,Schweden,179.0,rechts,30.06.2030,Malmö FF,2000000.0,Linksaußen,6000000.0,2026,borussia-monchengladbach
Franck Honorat,9,1996-08-11,29,Frankreich,180.0,rechts,30.06.2029,Stade Brest 29,8000000.0,Rechtsaußen,7000000.0,2026,borussia-monchengladbach
Nathan Ngoumou,19,2000-03-14,26,Kamerun,185.0,rechts,30.06.2027,FC Toulouse,8000000.0,Rechtsaußen,3500000.0,2026,borussia-monchengladbach
Tim Kleindienst,11,1995-08-31,30,Deutschland,194.0,beidfüßig,30.06.2029,1.FC Heidenheim 1846,7000000.0,Mittelstürmer,8000000.0,2026,borussia-monchengladbach
Isac Lidberg,3,1998-09-08,27,Schweden,187.0,rechts,30.06.2030,SV Darmstadt 98,3500000.0,Mittelstürmer,5000000.0,2026,borussia-monchengladbach
Shuto Machino,18,1999-09-30,26,Japan,185.0,rechts,30.06.2029,Holstein Kiel,8000000.0,Mittelstürmer,4000000.0,2026,borussia-monchengladbach
Tomas Cvancara,31,2000-08-13,25,Tschechien,190.0,rechts,30.06.2028,AC Sparta Prag,10500000.0,Mittelstürmer,2000000.0,2026,borussia-monchengladbach
Marvin Schwäbe,1,1995-04-25,31,Deutschland,190.0,rechts,30.06.2027,Bröndby IF,,Torwart,3000000.0,2026,1-fc-koln
Ron-Robert Zieler,20,1989-02-12,37,Deutschland,188.0,rechts,30.06.2027,Hannover 96,200000.0,Torwart,500000.0,2026,1-fc-koln
Matthias Köbbing,44,1997-05-28,29,Deutschland,196.0,beidfüßig,30.06.2027,1.FC Köln II,,Torwart,100000.0,2026,1-fc-koln
Martin James,21,2008-02-14,18,Frankreich,186.0,,30.06.2029,Paris Saint-Germain Espoirs,,Torwart,,2026,1-fc-koln
Jahmai Simpson-Pusey,22,2005-11-04,20,England,187.0,rechts,30.06.2030,Manchester City U21,6000000.0,Innenverteidiger,9000000.0,2026,1-fc-koln
Rav van den Berg,33,2004-07-07,22,Niederlande,191.0,rechts,30.06.2030,FC Middlesbrough,8000000.0,Innenverteidiger,7000000.0,2026,1-fc-koln
Joël Schmied,2,1998-09-23,27,Schweiz,188.0,rechts,30.06.2029,FC Sion,2500000.0,Innenverteidiger,3000000.0,2026,1-fc-koln
Julian Pauli,3,2005-07-18,21,Deutschland,190.0,rechts,30.06.2028,1.FC Köln U19,,Innenverteidiger,2500000.0,2026,1-fc-koln
Luka Lochoshvili,24,1998-05-29,28,Georgien,192.0,links,30.06.2029,1.FC Nürnberg,4900000.0,Innenverteidiger,2500000.0,2026,1-fc-koln
Timo Hübers,4,1996-07-20,30,Deutschland,190.0,rechts,30.06.2027,Hannover 96,,Innenverteidiger,1500000.0,2026,1-fc-koln
Elias Bakatukanda,,2004-04-13,22,DR Kongo,195.0,beidfüßig,30.06.2028,1.FC Köln U19,,Innenverteidiger,300000.0,2026,1-fc-koln
Gideon Mensah,14,1998-07-18,28,Ghana,178.0,links,30.06.2028,AJ Auxerre,,Linker Verteidiger,4000000.0,2026,1-fc-koln
Sebastian Sebulonsen,28,2000-01-27,26,Norwegen,187.0,rechts,30.06.2028,Bröndby IF,2500000.0,Rechter Verteidiger,5500000.0,2026,1-fc-koln
Tom Krauß,5,2001-06-22,25,Deutschland,182.0,rechts,30.06.2029,1.FSV Mainz 05,3500000.0,Defensives Mittelfeld,4500000.0,2026,1-fc-koln
Paul Okon-Engstler,23,2005-01-24,21,Australien,185.0,links,30.06.2030,Sydney FC,1000000.0,Defensives Mittelfeld,1200000.0,2026,1-fc-koln
Ísak Jóhannesson,8,2003-03-23,23,Island,184.0,links,30.06.2030,Fortuna Düsseldorf,5500000.0,Zentrales Mittelfeld,8000000.0,2026,1-fc-koln
Alessio Castro-Montes,17,1997-05-17,29,Belgien,175.0,rechts,30.06.2028,Union Saint-Gilloise,2000000.0,Rechtes Mittelfeld,2500000.0,2026,1-fc-koln
Said El Mala,13,2006-08-26,19,Deutschland,187.0,beidfüßig,30.06.2030,FC Viktoria Köln,2230000.0,Linksaußen,45000000.0,2026,1-fc-koln
Linton Maina,37,1999-06-23,27,Deutschland,180.0,rechts,,Hannover 96,,Linksaußen,3000000.0,2026,1-fc-koln
Marius Bülter,30,1993-03-29,33,Deutschland,188.0,rechts,30.06.2027,TSG 1899 Hoffenheim,1000000.0,Linksaußen,1800000.0,2026,1-fc-koln
Reigan Heskey,11,2008-01-19,18,England,184.0,rechts,30.06.2031,Manchester City U21,2000000.0,Linksaußen,,2026,1-fc-koln
Jan Thielmann,29,2002-05-26,24,Deutschland,178.0,rechts,30.06.2028,1.FC Köln U19,,Rechtsaußen,5000000.0,2026,1-fc-koln
Youssoupha Niang,38,2006-03-25,20,Deutschland,185.0,rechts,30.06.2027,1.FC Köln II,,Rechtsaußen,2000000.0,2026,1-fc-koln
Ragnar Ache,9,1998-07-28,28,Deutschland,183.0,rechts,30.06.2029,1.FC Kaiserslautern,4500000.0,Mittelstürmer,9000000.0,2026,1-fc-koln
Luca Waldschmidt,7,1996-05-19,30,Deutschland,181.0,links,30.06.2027,VfL Wolfsburg,,Mittelstürmer,2000000.0,2026,1-fc-koln
Imad Rondic,,1999-02-16,27,Bosnien-Herzegowina,190.0,links,30.06.2029,Widzew Lodz,1500000.0,Mittelstürmer,750000.0,2026,1-fc-koln
Malek El Mala,19,2005-04-02,21,Deutschland,194.0,rechts,30.06.2030,FC Viktoria Köln,125000.0,Mittelstürmer,250000.0,2026,1-fc-koln
Frederik Rönnow,1,1992-08-04,33,Dänemark,188.0,rechts,,Eintracht Frankfurt,1000000.0,Torwart,2000000.0,2026,1-fc-union-berlin
Matheo Raab,31,1998-12-18,27,Deutschland,186.0,rechts,,Hamburger SV,400000.0,Torwart,600000.0,2026,1-fc-union-berlin
Carl Klaus,25,1994-01-16,32,Deutschland,189.0,rechts,,1.FC Nürnberg,,Torwart,350000.0,2026,1-fc-union-berlin
Leopold Querfeld,14,2003-12-20,22,Österreich,190.0,rechts,,SK Rapid Wien,3000000.0,Innenverteidiger,20000000.0,2026,1-fc-union-berlin
Zeno Van Den Bosch,4,2003-07-06,23,Belgien,191.0,rechts,,Royal Antwerpen FC,,Innenverteidiger,6000000.0,2026,1-fc-union-berlin
Stanley Nsoki,34,1999-04-09,27,Frankreich,184.0,links,,TSG 1899 Hoffenheim,1500000.0,Innenverteidiger,2000000.0,2026,1-fc-union-berlin
Marvin Friedrich,5,1995-12-13,30,Deutschland,193.0,rechts,,Borussia Mönchengladbach,,Innenverteidiger,1800000.0,2026,1-fc-union-berlin
Oluwaseun Ogbemudia,41,2006-07-18,20,Deutschland,188.0,rechts,30.06.2029,1.FC Union Berlin U19,,Innenverteidiger,800000.0,2026,1-fc-union-berlin
Tom Rothe,15,2004-10-29,21,Deutschland,193.0,links,,Borussia Dortmund,5000000.0,Linker Verteidiger,10000000.0,2026,1-fc-union-berlin
Derrick Köhn,39,1999-02-04,27,Ghana,180.0,links,30.06.2029,Galatasaray,4000000.0,Linker Verteidiger,4000000.0,2026,1-fc-union-berlin
Andrik Markgraf,3,2006-03-07,20,Deutschland,172.0,links,,1.FC Union Berlin U19,,Linker Verteidiger,300000.0,2026,1-fc-union-berlin
Josip Juranovic,18,1995-08-16,30,Kroatien,173.0,rechts,,Celtic Glasgow,8550000.0,Rechter Verteidiger,2000000.0,2026,1-fc-union-berlin
Christopher Trimmel,28,1987-02-24,39,Österreich,189.0,rechts,30.06.2027,SK Rapid Wien,,Rechter Verteidiger,600000.0,2026,1-fc-union-berlin
Aljoscha Kemlein,6,2004-08-02,22,Deutschland,188.0,rechts,30.06.2029,1.FC Union Berlin U19,,Defensives Mittelfeld,12000000.0,2026,1-fc-union-berlin
Rani Khedira,8,1994-01-27,32,Tunesien,188.0,rechts,,FC Augsburg,,Defensives Mittelfeld,2000000.0,2026,1-fc-union-berlin
Tim Blaszczak,44,2007-08-25,18,Deutschland,,,,1.FC Union Berlin U19,,Defensives Mittelfeld,,2026,1-fc-union-berlin
András Schäfer,13,1999-04-13,27,Ungarn,178.0,rechts,30.06.2027,DAC Dunajska Streda,1000000.0,Zentrales Mittelfeld,4500000.0,2026,1-fc-union-berlin
Janik Haberer,19,1994-04-02,32,Deutschland,187.0,rechts,30.06.2027,SC Freiburg,,Zentrales Mittelfeld,2000000.0,2026,1-fc-union-berlin
Robert Skov,24,1996-05-20,30,Dänemark,185.0,links,,Vereinslos,,Linkes Mittelfeld,2000000.0,2026,1-fc-union-berlin
Woo-yeong Jeong,11,1999-09-20,26,Südkorea,179.0,rechts,,VfB Stuttgart,4000000.0,Offensives Mittelfeld,3500000.0,2026,1-fc-union-berlin
Livan Burcu,9,2004-09-28,21,Türkei,180.0,rechts,,SV Sandhausen,300000.0,Linksaußen,4000000.0,2026,1-fc-union-berlin
Linus Güther,49,2010-04-08,16,Deutschland,175.0,rechts,30.06.2028,1.FC Union Berlin U19,,Linksaußen,1000000.0,2026,1-fc-union-berlin
Julien Friedrich,38,2006-11-12,19,Deutschland,176.0,links,,1.FC Union Berlin U19,,Linksaußen,125000.0,2026,1-fc-union-berlin
Ilyas Ansah,10,2004-11-08,21,Deutschland,197.0,rechts,,SC Paderborn 07,4000000.0,Mittelstürmer,12000000.0,2026,1-fc-union-berlin
Emmanuel Latte Lath,29,1999-01-01,27,Elfenbeinküste,176.0,rechts,30.06.2027,Atlanta United FC,,Mittelstürmer,10000000.0,2026,1-fc-union-berlin
Andrej Ilic,23,2000-04-03,26,Serbien,189.0,rechts,30.06.2027,LOSC Lille,5000000.0,Mittelstürmer,9000000.0,2026,1-fc-union-berlin
Oliver Burke,7,1997-04-07,29,Schottland,188.0,rechts,30.06.2029,SV Werder Bremen,,Mittelstürmer,3000000.0,2026,1-fc-union-berlin
Marin Ljubicic,27,2002-02-28,24,Kroatien,183.0,rechts,,LASK,4500000.0,Mittelstürmer,2000000.0,2026,1-fc-union-berlin
Tim Skarke,21,1996-09-07,29,Deutschland,181.0,rechts,,SV Darmstadt 98,,Mittelstürmer,1500000.0,2026,1-fc-union-berlin
Dmytro Bogdanov,30,2007-03-06,19,Ukraine,188.0,rechts,30.06.2029,SG Dynamo Dresden,600000.0,Mittelstürmer,800000.0,2026,1-fc-union-berlin
Mekhi Gray,32,2007-02-19,19,Jamaika,197.0,rechts,,1.FC Union Berlin U19,,Mittelstürmer,,2026,1-fc-union-berlin
Sander Tangvik,12,2002-11-29,23,Norwegen,193.0,rechts,30.06.2030,Rosenborg BK,2600000.0,Torwart,3000000.0,2026,hamburger-sv
Daniel Heuer Fernandes,1,1992-11-13,33,Portugal,188.0,rechts,30.06.2028,SV Darmstadt 98,1300000.0,Torwart,1200000.0,2026,hamburger-sv
Fernando Dickes,41,2007-10-13,18,Deutschland,193.0,links,30.06.2028,RB Leipzig U19,,Torwart,300000.0,2026,hamburger-sv
Nicolás Capaldo,24,1998-09-14,27,Argentinien,177.0,rechts,30.06.2028,FC Red Bull Salzburg,2100000.0,Innenverteidiger,8000000.0,2026,hamburger-sv
Warmed Omari,17,2000-04-23,26,Komoren,188.0,rechts,30.06.2030,FC Stade Rennes,2000000.0,Innenverteidiger,4000000.0,2026,hamburger-sv
Jordan Torunarigha,23,1997-08-07,28,Nigeria,191.0,links,30.06.2028,KAA Gent,,Innenverteidiger,4000000.0,2026,hamburger-sv
Daniel Elfadli,8,1997-04-06,29,Libyen,188.0,rechts,30.06.2028,1.FC Magdeburg,800000.0,Innenverteidiger,3000000.0,2026,hamburger-sv
Shafiq Nandja,43,2007-01-15,19,Deutschland,195.0,rechts,,Hamburger SV II,,Innenverteidiger,500000.0,2026,hamburger-sv
Joel Agyekum,39,2005-03-08,21,Deutschland,190.0,links,,Hamburger SV II,,Innenverteidiger,150000.0,2026,hamburger-sv
Miro Muheim,28,1998-03-24,28,Schweiz,182.0,links,30.06.2027,FC St. Gallen 1879,1500000.0,Linker Verteidiger,5000000.0,2026,hamburger-sv
Louis Lemke,37,2009-10-08,16,Deutschland,,links,30.06.2028,,,Linker Verteidiger,300000.0,2026,hamburger-sv
Nicolai Remberg,21,2000-06-19,26,Deutschland,188.0,rechts,30.06.2028,Holstein Kiel,2400000.0,Defensives Mittelfeld,9000000.0,2026,hamburger-sv
Kofi Amoako,22,2005-05-06,21,Deutschland,186.0,rechts,,SG Dynamo Dresden,1800000.0,Defensives Mittelfeld,4000000.0,2026,hamburger-sv
Albert Sambi Lokonga,6,1999-10-22,26,Belgien,183.0,rechts,30.06.2028,FC Arsenal,300000.0,Zentrales Mittelfeld,12000000.0,2026,hamburger-sv
Bilal Nadir,4,2003-11-28,22,Marokko,186.0,links,30.06.2029,Olympique Marseille,,Zentrales Mittelfeld,8000000.0,2026,hamburger-sv
Martin Adeline,5,2003-12-02,22,Frankreich,180.0,rechts,30.06.2030,ESTAC Troyes,4000000.0,Offensives Mittelfeld,10000000.0,2026,hamburger-sv
Albert Grønbaek,11,2001-05-23,25,Dänemark,181.0,rechts,30.06.2030,FC Stade Rennes,4700000.0,Offensives Mittelfeld,5000000.0,2026,hamburger-sv
Immanuel Pherai,10,2001-04-25,25,Suriname,175.0,rechts,30.06.2027,Eintracht Braunschweig,750000.0,Offensives Mittelfeld,1500000.0,2026,hamburger-sv
Mads Bröcker,47,2008-06-03,18,Deutschland,185.0,,30.06.2030,RB Leipzig U19,,Offensives Mittelfeld,,2026,hamburger-sv
Alexander Røssing-Lelesiit,38,2007-01-20,19,Norwegen,184.0,rechts,30.06.2030,Lillestrøm SK,2800000.0,Linksaußen,5000000.0,2026,hamburger-sv
Fábio Baldé,45,2005-07-20,21,Portugal,182.0,rechts,30.06.2029,Hamburger SV U19,,Linksaußen,5000000.0,2026,hamburger-sv
Jean-Luc Dompé,7,1995-08-12,30,Frankreich,170.0,rechts,30.06.2027,Zulte Waregem,1100000.0,Linksaußen,2500000.0,2026,hamburger-sv
Finn Barkowsky,,2008-02-12,18,Deutschland,,rechts,,Hamburger SV U19,,Linksaußen,,2026,hamburger-sv
Rayan Philippe,14,2000-10-23,25,Frankreich,182.0,links,30.06.2029,Eintracht Braunschweig,3000000.0,Rechtsaußen,4000000.0,2026,hamburger-sv
Emir Sahiti,29,1998-11-29,27,Kosovo,184.0,rechts,30.06.2027,HNK Hajduk Split,1200000.0,Rechtsaußen,1700000.0,2026,hamburger-sv
Bakery Jatta,18,1998-06-06,28,Gambia,184.0,rechts,30.06.2029,Vereinslos,,Rechtsaußen,1000000.0,2026,hamburger-sv
Otto Stange,19,2007-02-09,19,Deutschland,187.0,rechts,30.06.2028,Hamburger SV II,,Mittelstürmer,4000000.0,2026,hamburger-sv
Patson Daka,27,1998-10-09,27,Sambia,183.0,rechts,30.06.2027,Leicester City,,Mittelstürmer,3000000.0,2026,hamburger-sv
Yussuf Poulsen,15,1994-06-15,32,Dänemark,192.0,rechts,30.06.2027,RB Leipzig,1000000.0,Mittelstürmer,1000000.0,2026,hamburger-sv
Loris Karius,1,1993-06-22,33,Deutschland,191.0,rechts,30.06.2028,Vereinslos,,Torwart,800000.0,2026,fc-schalke-04
Kevin Müller,22,1991-03-15,35,Deutschland,190.0,rechts,,1.FC Heidenheim 1846,50000.0,Torwart,300000.0,2026,fc-schalke-04
Johannes Siebeking,36,2006-03-02,20,Deutschland,195.0,links,30.06.2029,FC Schalke 04 U19,,Torwart,125000.0,2026,fc-schalke-04
Mertcan Ayhan,43,2006-09-08,19,Türkei,190.0,rechts,30.06.2030,FC Schalke 04 U19,,Innenverteidiger,8000000.0,2026,fc-schalke-04
Maximilian Wöber,39,1998-02-04,28,Österreich,188.0,links,30.06.2027,Leeds United,,Innenverteidiger,3000000.0,2026,fc-schalke-04
Hasan Kuruçay,4,1997-08-31,28,Türkei,188.0,rechts,30.06.2027,Oud-Heverlee Leuven,,Innenverteidiger,2000000.0,2026,fc-schalke-04
Nikola Katic,25,1996-10-10,29,Bosnien-Herzegowina,194.0,rechts,30.06.2028,FC Zürich,450000.0,Innenverteidiger,1800000.0,2026,fc-schalke-04
Timo Becker,5,1997-03-25,29,Deutschland,190.0,rechts,30.06.2029,Holstein Kiel,,Innenverteidiger,1500000.0,2026,fc-schalke-04
Dylan Leonard,3,2007-08-30,18,Australien,187.0,rechts,30.06.2030,Vereinslos,,Innenverteidiger,400000.0,2026,fc-schalke-04
Robin Gosens,8,1994-07-05,32,Deutschland,183.0,links,30.06.2027,AC Florenz,,Linker Verteidiger,4000000.0,2026,fc-schalke-04
Vitalie Becker,33,2005-03-03,21,Deutschland,179.0,links,30.06.2027,FC Schalke 04 U19,,Linker Verteidiger,3000000.0,2026,fc-schalke-04
Anton Donkor,30,1997-11-11,28,Deutschland,186.0,beidfüßig,30.06.2027,Eintracht Braunschweig,,Linker Verteidiger,400000.0,2026,fc-schalke-04
Adrian Gantenbein,17,2001-04-18,25,Schweiz,183.0,rechts,30.06.2028,FC Winterthur,300000.0,Rechter Verteidiger,900000.0,2026,fc-schalke-04
Dejan Ljubicic,21,1997-10-08,28,Österreich,187.0,rechts,30.06.2028,GNK Dinamo Zagreb,750000.0,Defensives Mittelfeld,3000000.0,2026,fc-schalke-04
Ron Schallenberg,6,1998-10-06,27,Deutschland,185.0,rechts,30.06.2027,SC Paderborn 07,2000000.0,Defensives Mittelfeld,2000000.0,2026,fc-schalke-04
Satoshi Tanaka,13,2002-08-13,23,Japan,175.0,links,30.06.2030,Fortuna Düsseldorf,1000000.0,Defensives Mittelfeld,2000000.0,2026,fc-schalke-04
Max Grüger,37,2005-05-24,21,Deutschland,186.0,rechts,30.06.2028,FC Schalke 04 U19,,Defensives Mittelfeld,1200000.0,2026,fc-schalke-04
Luca Vozar,38,2007-05-06,19,Deutschland,,links,,FC Schalke 04 U19,,Defensives Mittelfeld,,2026,fc-schalke-04
Soufiane El-Faouzi,23,2002-07-13,24,Marokko,178.0,rechts,30.06.2030,Alemannia Aachen,200000.0,Zentrales Mittelfeld,9000000.0,2026,fc-schalke-04
Janik Bachmann,14,1996-05-06,30,Deutschland,196.0,rechts,30.06.2027,FC Hansa Rostock,,Zentrales Mittelfeld,500000.0,2026,fc-schalke-04
Finn Porath,27,1997-02-23,29,Deutschland,180.0,rechts,30.06.2027,Holstein Kiel,500000.0,Rechtes Mittelfeld,800000.0,2026,fc-schalke-04
Adil Aouchiche,24,2002-07-15,24,Algerien,181.0,rechts,30.06.2027,AFC Sunderland,,Offensives Mittelfeld,3500000.0,2026,fc-schalke-04
Kenan Karaman,19,1994-03-05,32,Türkei,189.0,rechts,30.06.2028,Besiktas JK,,Offensives Mittelfeld,1800000.0,2026,fc-schalke-04
Moussa Sylla,9,1999-11-25,26,Mali,180.0,rechts,30.06.2028,Pau FC,2500000.0,Mittelstürmer,5000000.0,2026,fc-schalke-04
Junior Adamu,20,2001-06-06,25,Österreich,183.0,rechts,30.06.2029,SC Freiburg,800000.0,Mittelstürmer,3000000.0,2026,fc-schalke-04
Christian Gomis,7,2000-08-09,25,Senegal,185.0,rechts,30.06.2029,FC Winterthur,1500000.0,Mittelstürmer,1200000.0,2026,fc-schalke-04
Edin Dzeko,10,1986-03-17,40,Bosnien-Herzegowina,192.0,rechts,30.06.2027,AC Florenz,,Mittelstürmer,1000000.0,2026,fc-schalke-04
Bryan Lasme,11,1998-11-14,27,Frankreich,194.0,rechts,30.06.2027,Arminia Bielefeld,,Mittelstürmer,600000.0,2026,fc-schalke-04
Emil Højlund,15,2005-01-04,21,Dänemark,192.0,rechts,30.06.2028,FC Kopenhagen,300000.0,Mittelstürmer,500000.0,2026,fc-schalke-04
Nicolas Kristof,20,1999-12-20,26,Österreich,187.0,beidfüßig,30.06.2029,FC-Astoria Walldorf,,Torwart,2500000.0,2026,sv-07-elversberg
Tim Boss,28,1993-06-28,33,Deutschland,186.0,beidfüßig,30.06.2027,1.FC Magdeburg,,Torwart,200000.0,2026,sv-07-elversberg
Frank Lehmann,1,1989-04-29,37,Deutschland,193.0,rechts,30.06.2027,VfL Osnabrück,,Torwart,100000.0,2026,sv-07-elversberg
Elias Etringer,12,2007-11-24,18,Deutschland,,,30.06.2029,SC Freiburg U19,,Torwart,,2026,sv-07-elversberg
Lukas Pinckert,19,2000-01-22,26,Deutschland,185.0,rechts,30.06.2028,FC Viktoria 1889 Berlin,,Innenverteidiger,2500000.0,2026,sv-07-elversberg
Luca Sirch,26,1999-06-14,27,Deutschland,186.0,rechts,30.06.2029,1.FC Kaiserslautern,,Innenverteidiger,2200000.0,2026,sv-07-elversberg
Maximilian Rohr,31,1995-06-27,31,Deutschland,193.0,beidfüßig,30.06.2028,SC Paderborn 07,100000.0,Innenverteidiger,800000.0,2026,sv-07-elversberg
Florian Le Joncour,3,1995-02-03,31,Frankreich,193.0,links,30.06.2027,RWD Molenbeek,200000.0,Innenverteidiger,500000.0,2026,sv-07-elversberg
Luis Seifert,4,2004-01-26,22,Deutschland,188.0,rechts,30.06.2028,Hamburger SV II,,Innenverteidiger,200000.0,2026,sv-07-elversberg
Lasse Günther,21,2003-03-21,23,Deutschland,181.0,links,30.06.2030,FC Augsburg,300000.0,Linker Verteidiger,2500000.0,2026,sv-07-elversberg
Nicholas Mickelson,2,1999-07-24,27,Thailand,179.0,rechts,30.06.2027,Odense Boldklub,,Linker Verteidiger,1000000.0,2026,sv-07-elversberg
Felix Keidel,43,2003-06-14,23,Deutschland,178.0,rechts,30.06.2028,FC Ingolstadt 04,400000.0,Rechter Verteidiger,1200000.0,2026,sv-07-elversberg
Jan Gyamerah,30,1995-06-18,31,Ghana,184.0,rechts,30.06.2027,1.FC Kaiserslautern,,Rechter Verteidiger,700000.0,2026,sv-07-elversberg
Lukasz Poreba,8,2000-03-13,26,Polen,179.0,rechts,30.06.2029,Hamburger SV,1600000.0,Defensives Mittelfeld,2500000.0,2026,sv-07-elversberg
Amara Condé,6,1997-01-06,29,Deutschland,173.0,rechts,30.06.2028,SC Heerenveen,400000.0,Defensives Mittelfeld,900000.0,2026,sv-07-elversberg
Frederik Schmahl,17,2002-12-21,23,Deutschland,183.0,rechts,30.06.2027,TSG 1899 Hoffenheim II,,Zentrales Mittelfeld,750000.0,2026,sv-07-elversberg
Francis Onyeka,40,2007-04-29,19,Deutschland,186.0,links,30.06.2027,Bayer 04 Leverkusen,,Offensives Mittelfeld,10000000.0,2026,sv-07-elversberg
Noah Darvich,10,2006-09-25,19,Deutschland,184.0,links,30.06.2027,VfB Stuttgart,,Offensives Mittelfeld,4000000.0,2026,sv-07-elversberg
Maurice Krattenmacher,7,2005-08-11,20,Deutschland,180.0,beidfüßig,30.06.2030,FC Bayern München,,Linksaußen,3000000.0,2026,sv-07-elversberg
Tom Zimmerschied,29,1998-09-22,27,Deutschland,180.0,rechts,30.06.2029,SG Dynamo Dresden,400000.0,Linksaußen,1500000.0,2026,sv-07-elversberg
Filimon Gerezgiher,27,2000-07-04,26,Eritrea,183.0,links,30.06.2027,SGV Freiberg,,Linksaußen,250000.0,2026,sv-07-elversberg
Cole Campbell,39,2006-02-20,20,Vereinigte Staaten,170.0,links,30.06.2030,Borussia Dortmund,6000000.0,Rechtsaußen,5000000.0,2026,sv-07-elversberg
Lukas Petkov,25,2000-11-01,25,Bulgarien,183.0,rechts,30.06.2027,FC Augsburg,350000.0,Rechtsaußen,3000000.0,2026,sv-07-elversberg
Jason Ceka,11,1999-11-10,26,Deutschland,169.0,beidfüßig,30.06.2028,1.FC Magdeburg,,Rechtsaußen,800000.0,2026,sv-07-elversberg
Raif Adam,15,2005-09-07,20,Deutschland,188.0,links,30.06.2029,Hamburger SV II,650000.0,Rechtsaußen,500000.0,2026,sv-07-elversberg
David Mokwa,42,2004-05-03,22,Frankreich,180.0,rechts,30.06.2029,TSG 1899 Hoffenheim,1500000.0,Mittelstürmer,4000000.0,2026,sv-07-elversberg
Luca Pfeiffer,16,1996-08-20,29,Deutschland,196.0,rechts,30.06.2028,VfB Stuttgart,,Mittelstürmer,500000.0,2026,sv-07-elversberg
Luca Schnellbacher,24,1994-05-06,32,Deutschland,180.0,rechts,30.06.2028,Preußen Münster,,Mittelstürmer,500000.0,2026,sv-07-elversberg
Nahuel Noll,15,2003-03-17,23,Deutschland,191.0,beidfüßig,30.06.2027,TSG 1899 Hoffenheim,,Torwart,2000000.0,2026,sc-paderborn-07
Markus Schubert,1,1998-06-12,28,Deutschland,189.0,rechts,30.06.2028,Vitesse Arnheim,,Torwart,500000.0,2026,sc-paderborn-07
Florian Pruhs,31,2006-02-06,20,Deutschland,190.0,rechts,,SC Paderborn 07 U17,,Torwart,150000.0,2026,sc-paderborn-07
Mattes Hansen,22,2004-05-15,22,Deutschland,183.0,rechts,,FC Schalke 04 U19,,Innenverteidiger,2500000.0,2026,sc-paderborn-07
Tjark Scheller,25,2002-01-12,24,Deutschland,192.0,beidfüßig,,FC St. Pauli II,,Innenverteidiger,2500000.0,2026,sc-paderborn-07
Felix Götze,20,1998-02-11,28,Deutschland,185.0,rechts,,Rot-Weiss Essen,,Innenverteidiger,2000000.0,2026,sc-paderborn-07
Marcel Hoffmeier,33,1999-07-15,27,Deutschland,182.0,rechts,30.06.2028,Preußen Münster,,Innenverteidiger,1000000.0,2026,sc-paderborn-07
Nyamekye Awortwie-Grant,4,2000-08-07,25,Deutschland,193.0,rechts,,FC Energie Cottbus,,Innenverteidiger,400000.0,2026,sc-paderborn-07
Tristan Zobel,,2003-10-04,22,Deutschland,195.0,links,30.06.2028,SC Paderborn 07 II,,Innenverteidiger,225000.0,2026,sc-paderborn-07
Santiago Castañeda,5,2004-11-13,21,Vereinigte Staaten,191.0,rechts,30.06.2027,MSV Duisburg,,Defensives Mittelfeld,5000000.0,2026,sc-paderborn-07
Tom Baack,6,1999-03-13,27,Deutschland,186.0,rechts,,1.FC Nürnberg,,Defensives Mittelfeld,600000.0,2026,sc-paderborn-07
Mika Baur,14,2004-07-09,22,Deutschland,172.0,beidfüßig,,SC Freiburg II,100000.0,Zentrales Mittelfeld,5000000.0,2026,sc-paderborn-07
Sebastian Klaas,26,1998-06-30,28,Deutschland,180.0,beidfüßig,,VfL Osnabrück,,Zentrales Mittelfeld,900000.0,2026,sc-paderborn-07
Luka Duric,8,2003-06-18,23,Bosnien-Herzegowina,181.0,,,TSG 1899 Hoffenheim,250000.0,Zentrales Mittelfeld,800000.0,2026,sc-paderborn-07
Timur Gayret,44,1998-08-08,27,Deutschland,176.0,links,30.06.2029,SC Verl,,Zentrales Mittelfeld,450000.0,2026,sc-paderborn-07
Laurin Curda,17,2001-10-30,24,Deutschland,185.0,rechts,,TSG Balingen,,Rechtes Mittelfeld,3000000.0,2026,sc-paderborn-07
Jano ter Horst,21,2002-06-19,24,Deutschland,184.0,rechts,,Preußen Münster,200000.0,Rechtes Mittelfeld,1200000.0,2026,sc-paderborn-07
Clemens Lippmann,29,2006-06-29,20,Deutschland,183.0,rechts,,TSV 1860 München,,Rechtes Mittelfeld,400000.0,2026,sc-paderborn-07
Raphael Obermair,23,1996-04-01,30,Philippinen,182.0,rechts,30.06.2027,1.FC Magdeburg,,Linkes Mittelfeld,1200000.0,2026,sc-paderborn-07
Jonah Sticker,3,2004-05-08,22,Deutschland,180.0,rechts,,FC Viktoria Köln,,Linkes Mittelfeld,750000.0,2026,sc-paderborn-07
Niklas Mohr,24,2004-07-23,22,Deutschland,179.0,links,30.06.2028,SG Sonnenhof Großaspach,,Linkes Mittelfeld,500000.0,2026,sc-paderborn-07
Oliver Batista Meier,49,2001-02-16,25,Deutschland,180.0,rechts,,Preußen Münster,400000.0,Offensives Mittelfeld,1500000.0,2026,sc-paderborn-07
Nick Bätzner,9,2000-03-15,26,Deutschland,176.0,rechts,30.06.2028,SV Wehen Wiesbaden,,Linksaußen,500000.0,2026,sc-paderborn-07
Albert Millgramm,19,2004-11-12,21,Deutschland,,beidfüßig,,1.FC Magdeburg II,,Linksaußen,150000.0,2026,sc-paderborn-07
Ruben Müller,2,2005-08-24,20,Deutschland,179.0,rechts,,SC Freiburg II,50000.0,Rechtsaußen,1000000.0,2026,sc-paderborn-07
Sven Michel,11,1990-07-15,36,Deutschland,177.0,links,30.06.2027,FC Augsburg,300000.0,Rechtsaußen,300000.0,2026,sc-paderborn-07
Kennedy Okpala,10,2004-12-17,21,Deutschland,185.0,rechts,,SV Waldhof Mannheim,550000.0,Mittelstürmer,1500000.0,2026,sc-paderborn-07
Stefano Marino,30,2004-03-12,22,Deutschland,186.0,rechts,,Hannover 96 II,,Mittelstürmer,1000000.0,2026,sc-paderborn-07
Steffen Tigges,27,1998-07-31,28,Deutschland,194.0,links,30.06.2027,1.FC Köln,400000.0,Mittelstürmer,700000.0,2026,sc-paderborn-07
Lasse Eickel,32,2008-02-28,18,Deutschland,187.0,rechts,30.06.2031,SC Paderborn 07 II,,Mittelstürmer,150000.0,2026,sc-paderborn-07
